Workbook

Sheet LuckyJ
A1: # | B1: Date | C1: Rank | D1: Actor | E1: N-Match | F1: N-Rating | G1: N-Bad | H1: H-Match | I1: H-Rating | J1: H-Bad | K1: K-Match | L1: K-Rating | M1: K-Bad | N1: Moves | O1: Players | P1: NAGA Report | Q1: Paifu | S1: Last 10 | T1: Last 10 | U1: Last 10 | V1: Last 20 | W1: Last 20 | X1: Last 20 | Y1: Last 50 | Z1: Last 50 | AA1: Last 50 | AB1: Last 100 | AC1: Last 100 | AD1: Last 100 | AE1: Last 200 | AF1: Last 200 | AG1: Last 200
A2: =IF(B2<>"",ROW()-2,"") -> 0 | B2: 45034.919 | C2: 4 | D2: 0 | E2: 75.471698 | F2: 88.847736 | G2: 9.4339623 | N2: 53 | O2: poona93(+42.2)クマッチ(+5.0)あきまゆともとし(-15.3)ⓝLuckyJ(-31.9) | P2: https://naga.dmv.nico/htmls/015161fe9d8a51ffa77fa23d6cda0ad43998f09e33b0b003d8a1bd24b31d17a6v2_0.html?tw=0 | Q2: https://tenhou.net/4/?log=2023041911gm-0001-0000-cba4cded&tw=0
A3: =IF(B3<>"",ROW()-2,"") -> 1 | B3: 45034.928 | C3: 2 | D3: 3 | E3: 75 | F3: 84.887768 | G3: 10.714286 | H3: 73.214286 | I3: 85.878214 | J3: 8.0357143 | K3: 75 | L3: 84.546786 | M3: 10.714286 | N3: 112 | O3: 心(+54.5)ⓝLuckyJ(+11.3)こうえい(-19.3)牌操作万歳！(-46.5) | P3: https://naga.dmv.nico/htmls/7a24d4ddd9e0d60021075e67ea674c272ebb290b066374752b1fc1d2d3018ffev2_2.html?tw=3 | Q3: https://tenhou.net/4/?log=2023041911gm-0009-0000-24ce7cb7&tw=3 | AH3: Log Avail. | AI3: Total Hanchan
A4: =IF(B4<>"",ROW()-2,"") -> 2 | B4: 45034.947 | C4: 3 | D4: 3 | E4: 69.298246 | F4: 80.862632 | G4: 9.6491228 | H4: 64.035088 | I4: 80.603421 | J4: 9.6491228 | K4: 64.912281 | L4: 74.80614 | M4: 19.298246 | N4: 114 | O4: あれれれれ?(+50.2)NoName(+3.6)ⓝLuckyJ(-19.4)ライオン丸☆彡(-34.4) | P4: https://naga.dmv.nico/htmls/ae812c7aa02889f68a6067c6f9db876cfd1caea3de96f364cc1298e3ab02b2cdv2_2.html?tw=3 | Q4: https://tenhou.net/4/?log=2023041911gm-0009-0000-76965bea&tw=3 | AH4: =COUNTIF(Q3:Q1322,"*tenhou*") -> 1255 | AI4: =COUNTA(Q3:Q1322) -> 1320
A5: =IF(B5<>"",ROW()-2,"") -> 3 | B5: 45034.972 | C5: 2 | D5: 3 | E5: 68.421053 | F5: 80.263421 | G5: 13.157895 | H5: 67.54386 | I5: 83.044035 | J5: 10.526316 | K5: 65.789474 | L5: 78.029298 | M5: 13.157895 | N5: 114 | O5: NoName(+62.7)ⓝLuckyJ(-0.2)ぴーちくぱーちく(-24.8)マシュー(-37.7) | P5: https://naga.dmv.nico/htmls/d00179e866f4a3b86b475eaf72875dd225c121fc3c2af000d74632b57231c1a4v2_2.html?tw=3 | Q5: https://tenhou.net/4/?log=2023041912gm-0009-0000-2fb1c136&tw=3
A6: =IF(B6<>"",ROW()-2,"") -> 4 | B6: 45034.992 | C6: 2 | D6: 3 | E6: 72.321429 | F6: 84.277321 | G6: 11.607143 | H6: 74.107143 | I6: 84.437411 | J6: 6.25 | K6: 73.214286 | L6: 83.267589 | M6: 9.8214286 | N6: 112 | O6: taka432&(+45.0)ⓝLuckyJ(+10.4)rhythm.0(-20.5)おおなり(-34.9) | P6: https://naga.dmv.nico/htmls/b65c8454fc73f6b1da051826ec9113dcc755b99ee5bc96f4f5d9e290733aa912v2_2.html?tw=3 | Q6: https://tenhou.net/4/?log=2023041912gm-0009-0000-9d2b9dfb&tw=3 | AH6: Rank | AJ6: # | AL6: N-Match | AM6: N-Rating | AN6: N-Bad | AO6: H-Match | AP6: H-Rating | AQ6: H-Bad | AR6: K-Match | AS6: K-Rating | AT6: K-Bad
A7: =IF(B7<>"",ROW()-2,"") -> 5 | B7: 45035.015 | C7: 3 | D7: 2 | E7: 78.787879 | F7: 89.565909 | G7: 7.5757576 | H7: 80.30303 | I7: 91.092273 | J7: 7.5757576 | K7: 81.818182 | L7: 91.097576 | M7: 7.5757576 | N7: 66 | O7: pacodel(+66.5)unagi22(+8.5)ⓝLuckyJ(-19.2)Kevin.K(-55.8) | P7: https://naga.dmv.nico/htmls/0b273323e2067d89af605eaa789e7ba65a355f2617fc658c3a7031a7638ffb9ev2_2.html?tw=2 | Q7: https://tenhou.net/4/?log=2023041913gm-0009-0000-481bbd92&tw=2 | AH7: 1 | AI7: =AJ7/SUM(AJ7:AJ10) -> 0.31136364 | AJ7: =COUNTIFS(C3:C1322,1) -> 411 | AL7: =SUMIF($C:$C,1,E:E)/COUNTIFS($C:$C,1,E:E,"<>") -> 74.095741 | AM7: =SUMIF($C:$C,1,F:F)/COUNTIFS($C:$C,1,F:F,"<>") -> 85.821845 | AN7: =SUMIF($C:$C,1,G:G)/COUNTIFS($C:$C,1,G:G,"<>") -> 8.0787295 | AO7: =SUMIF($C:$C,1,H:H)/COUNTIFS($C:$C,1,H:H,"<>") -> 73.00771 | AP7: =SUMIF($C:$C,1,I:I)/COUNTIFS($C:$C,1,I:I,"<>") -> 86.182416 | AQ7: =SUMIF($C:$C,1,J:J)/COUNTIFS($C:$C,1,J:J,"<>") -> 7.1789354 | AR7: =SUMIF($C:$C,1,K:K)/COUNTIFS($C:$C,1,K:K,"<>") -> 72.452777 | AS7: =SUMIF($C:$C,1,L:L)/COUNTIFS($C:$C,1,L:L,"<>") -> 84.609945 | AT7: =SUMIF($C:$C,1,M:M)/COUNTIFS($C:$C,1,M:M,"<>") -> 9.3569107
A8: =IF(B8<>"",ROW()-2,"") -> 6 | B8: 45035.027 | C8: 1 | D8: 1 | E8: 88.607595 | F8: 93.363418 | G8: 6.3291139 | H8: 82.278481 | I8: 89.697848 | J8: 3.7974684 | K8: 86.075949 | L8: 91.756076 | M8: 5.0632911 | N8: 79 | O8: ⓝLuckyJ(+63.6)NoName(+9.6)小さな愛は(-14.5)タケとシルバ(-58.7) | P8: https://naga.dmv.nico/htmls/13fc5d471b8821ec227703a14aa9b12d2aca8eb5fe3076624fd959a3ac3fc7b0v2_2.html?tw=1 | Q8: https://tenhou.net/4/?log=2023041913gm-0009-0000-95da9e3b&tw=1 | AH8: 2 | AI8: =AJ8/SUM(AJ7:AJ10) -> 0.27348485 | AJ8: =COUNTIFS(C3:C1322,2) -> 361 | AL8: =SUMIF($C:$C,2,E:E)/COUNTIFS($C:$C,2,E:E,"<>") -> 73.495242 | AM8: =SUMIF($C:$C,2,F:F)/COUNTIFS($C:$C,2,F:F,"<>") -> 85.28645 | AN8: =SUMIF($C:$C,2,G:G)/COUNTIFS($C:$C,2,G:G,"<>") -> 8.2471158 | AO8: =SUMIF($C:$C,2,H:H)/COUNTIFS($C:$C,2,H:H,"<>") -> 72.770345 | AP8: =SUMIF($C:$C,2,I:I)/COUNTIFS($C:$C,2,I:I,"<>") -> 85.99148 | AQ8: =SUMIF($C:$C,2,J:J)/COUNTIFS($C:$C,2,J:J,"<>") -> 7.3259551 | AR8: =SUMIF($C:$C,2,K:K)/COUNTIFS($C:$C,2,K:K,"<>") -> 71.995634 | AS8: =SUMIF($C:$C,2,L:L)/COUNTIFS($C:$C,2,L:L,"<>") -> 83.994215 | AT8: =SUMIF($C:$C,2,M:M)/COUNTIFS($C:$C,2,M:M,"<>") -> 9.5057154
A9: =IF(B9<>"",ROW()-2,"") -> 7 | B9: 45035.042 | C9: 3 | D9: 1 | E9: 75.735294 | F9: 85.224559 | G9: 8.8235294 | H9: 69.852941 | I9: 83.391618 | J9: 10.294118 | K9: 75.735294 | L9: 84.391544 | M9: 10.294118 | N9: 136 | O9: 九蓮宝燈やりたい(+52.0)JPNOGAWA(+19.4)ⓝLuckyJ(-18.9)kaboom(-52.5) | P9: https://naga.dmv.nico/htmls/9b3ecbfc6986ebe6fc3e585013ae0b5a5d3390e71bab778480b3cbe042019506v2_2.html?tw=1 | Q9: https://tenhou.net/4/?log=2023041914gm-0009-0000-02f8c9e2&tw=1 | AH9: 3 | AI9: =AJ9/SUM(AJ7:AJ10) -> 0.2530303 | AJ9: =COUNTIFS(C3:C1322,3) -> 334 | AL9: =SUMIF($C:$C,3,E:E)/COUNTIFS($C:$C,3,E:E,"<>") -> 74.073373 | AM9: =SUMIF($C:$C,3,F:F)/COUNTIFS($C:$C,3,F:F,"<>") -> 85.648444 | AN9: =SUMIF($C:$C,3,G:G)/COUNTIFS($C:$C,3,G:G,"<>") -> 7.9534085 | AO9: =SUMIF($C:$C,3,H:H)/COUNTIFS($C:$C,3,H:H,"<>") -> 73.174828 | AP9: =SUMIF($C:$C,3,I:I)/COUNTIFS($C:$C,3,I:I,"<>") -> 86.073501 | AQ9: =SUMIF($C:$C,3,J:J)/COUNTIFS($C:$C,3,J:J,"<>") -> 7.2068741 | AR9: =SUMIF($C:$C,3,K:K)/COUNTIFS($C:$C,3,K:K,"<>") -> 72.379561 | AS9: =SUMIF($C:$C,3,L:L)/COUNTIFS($C:$C,3,L:L,"<>") -> 84.379802 | AT9: =SUMIF($C:$C,3,M:M)/COUNTIFS($C:$C,3,M:M,"<>") -> 9.1763778
A10: =IF(B10<>"",ROW()-2,"") -> 8 | B10: 45035.062 | C10: 3 | D10: 0 | E10: 68.478261 | F10: 81.76337 | G10: 4.3478261 | H10: 71.73913 | I10: 86.531304 | J10: 3.2608696 | K10: 69.565217 | L10: 82.890109 | M10: 9.7826087 | N10: 92 | O10: sannpuru(+56.0)GGB(+19.5)ⓝLuckyJ(-26.2)ichik(-49.3) | P10: https://naga.dmv.nico/htmls/91789d99d86ef1f4ba0a0ec23841833799d72072b031e8503687673b4df2d037v2_2.html?tw=0 | Q10: https://tenhou.net/4/?log=2023041914gm-0009-0000-f04c7ced&tw=0 | AH10: 4 | AI10: =AJ10/SUM(AJ7:AJ10) -> 0.16212121 | AJ10: =COUNTIFS(C3:C1322,4) -> 214 | AL10: =SUMIF($C:$C,4,E:E)/COUNTIFS($C:$C,4,E:E,"<>") -> 74.558168 | AM10: =SUMIF($C:$C,4,F:F)/COUNTIFS($C:$C,4,F:F,"<>") -> 85.808273 | AN10: =SUMIF($C:$C,4,G:G)/COUNTIFS($C:$C,4,G:G,"<>") -> 8.1062306 | AO10: =SUMIF($C:$C,4,H:H)/COUNTIFS($C:$C,4,H:H,"<>") -> 73.632327 | AP10: =SUMIF($C:$C,4,I:I)/COUNTIFS($C:$C,4,I:I,"<>") -> 86.166666 | AQ10: =SUMIF($C:$C,4,J:J)/COUNTIFS($C:$C,4,J:J,"<>") -> 7.0616088 | AR10: =SUMIF($C:$C,4,K:K)/COUNTIFS($C:$C,4,K:K,"<>") -> 72.888429 | AS10: =SUMIF($C:$C,4,L:L)/COUNTIFS($C:$C,4,L:L,"<>") -> 84.557659 | AT10: =SUMIF($C:$C,4,M:M)/COUNTIFS($C:$C,4,M:M,"<>") -> 9.230332
A11: =IF(B11<>"",ROW()-2,"") -> 9 | B11: 45035.08 | C11: 1 | D11: 0 | E11: 68.041237 | F11: 83.895052 | G11: 11.340206 | H11: 73.195876 | I11: 86.319072 | J11: 6.185567 | K11: 65.979381 | L11: 80.650309 | M11: 11.340206 | N11: 97 | O11: ⓝLuckyJ(+51.2)コムギ丸(+7.1)クsoge-クン(-18.0)rensou(-40.3) | P11: https://naga.dmv.nico/htmls/a08608701506356f3c0dee3f3e1c4f130ef102925a9b27f12b5a288077a03106v2_2.html?tw=0 | Q11: https://tenhou.net/4/?log=2023041914gm-0009-0000-905aedb2&tw=0
A12: =IF(B12<>"",ROW()-2,"") -> 10 | B12: 45035.094 | C12: 2 | D12: 0 | E12: 69.230769 | F12: 85.134701 | G12: 8.5470085 | H12: 67.521368 | I12: 82.602137 | J12: 10.25641 | K12: 70.940171 | L12: 82.734786 | M12: 8.5470085 | N12: 117 | O12: タケとシルバ(+41.9)ⓝLuckyJ(+6.9)あぱぱぱ(-18.5)ポチこん(-30.3) | P12: https://naga.dmv.nico/htmls/ae5cfcb0dc30450732306bc696644a22ebdef7e6e68e62073ea3016f9963621av2_2.html?tw=0 | Q12: https://tenhou.net/4/?log=2023041915gm-0009-0000-d2489ac6&tw=0 | S12: =IF(E12="","",AVERAGE(E3:E12)) -> 73.392176 | T12: =IF(F12="","",AVERAGE(F3:F12)) -> 84.923815 | U12: =IF(G12="","",AVERAGE(G3:G12)) -> 9.2091888 | AH12: Player | AI12: ⓝLuckyJ | AL12: -first tonpuu game excluded from stats
A13: =IF(B13<>"",ROW()-2,"") -> 11 | B13: 45035.114 | C13: 2 | D13: 2 | E13: 61.73913 | F13: 80.877391 | G13: 11.304348 | H13: 51.304348 | I13: 79.342435 | J13: 13.043478 | K13: 55.652174 | L13: 74.918783 | M13: 14.782609 | N13: 115 | O13: ayappe(+45.9)ⓝLuckyJ(+11.7)トルコ桔梗(-19.4)NoName(-38.2) | P13: https://naga.dmv.nico/htmls/6b5e8ff0c6d86538bad357fc6b212303578afef437b080945b07aecbea734c83v2_2.html?tw=2 | Q13: https://tenhou.net/4/?log=2023041915gm-0009-0000-72f6b798&tw=2 | S13: =IF(E13="","",AVERAGE(E4:E13)) -> 72.066089 | T13: =IF(F13="","",AVERAGE(F4:F13)) -> 84.522777 | U13: =IF(G13="","",AVERAGE(G4:G13)) -> 9.268195 | AH13: Avg Rank | AI13: =(1*AJ7+2*AJ8+3*AJ9+4*AJ10)/SUM(AJ7:AJ10) -> 2.2659091 | AL13: https://nodocchi.moe/tenhoulog/index.html#!&name=%E2%93%9DLuckyJ
A14: =IF(B14<>"",ROW()-2,"") -> 12 | B14: 45035.144 | C14: 1 | D14: 1 | E14: 78.75 | F14: 89.584875 | G14: 6.25 | H14: 81.25 | I14: 90.85275 | J14: 2.5 | K14: 81.25 | L14: 87.524375 | M14: 8.75 | N14: 80 | O14: ⓝLuckyJ(+73.7)NoName(-0.8)N0name(-21.2)よこやま(-51.7) | P14: https://naga.dmv.nico/htmls/82fc7e40253c3a445280ed5ca3da14b8bb85ad110826f192505a54be6b6ec3c0v2_2.html?tw=1 | Q14: https://tenhou.net/4/?log=2023041916gm-0009-0000-2147738b&tw=1 | S14: =IF(E14="","",AVERAGE(E5:E14)) -> 73.011265 | T14: =IF(F14="","",AVERAGE(F5:F14)) -> 85.395002 | U14: =IF(G14="","",AVERAGE(G5:G14)) -> 8.9282827 | AH14: Games | AI14: =SUM(AJ7:AJ10) -> 1320
A15: =IF(B15<>"",ROW()-2,"") -> 13 | B15: 45035.162 | C15: 2 | D15: 3 | E15: 73.333333 | F15: 86.715333 | G15: 6.6666667 | H15: 72 | I15: 87.176267 | J15: 7.3333333 | K15: 73.333333 | L15: 84.9796 | M15: 7.3333333 | N15: 150 | O15: EN2023(+48.5)ⓝLuckyJ(+10.5)yuki2965(-20.4)はなさかじいさん(-38.6) | P15: https://naga.dmv.nico/htmls/9ce8429f01389974e550dc5402e45d1f8c231b761c775d8399264a7cc00e8082v2_2.html?tw=3 | Q15: https://tenhou.net/4/?log=2023041916gm-0009-0000-3551c4d5&tw=3 | S15: =IF(E15="","",AVERAGE(E6:E15)) -> 73.502493 | T15: =IF(F15="","",AVERAGE(F6:F15)) -> 86.040193 | U15: =IF(G15="","",AVERAGE(G6:G15)) -> 8.2791599 | AH15: Progress | AI15: =COUNTIF(P3:P1322,"*naga*") -> 1255 | AL15: Lowest | AM15: Highest | AO15: Month | AP15: 45047 | AQ15: 45017
A16: =IF(B16<>"",ROW()-2,"") -> 14 | B16: 45035.193 | C16: 3 | D16: 0 | E16: 70.79646 | F16: 83.769735 | G16: 10.619469 | H16: 73.451327 | I16: 84.537522 | J16: 7.079646 | K16: 74.336283 | L16: 86.249381 | M16: 7.9646018 | N16: 113 | O16: 宝くじ７(+75.7)麻雀脳(+0.1)ⓝLuckyJ(-25.4)北村方向(-50.4) | P16: https://naga.dmv.nico/htmls/fb57745407c9d72db76a664e53dafccff0d22a1b2110b3617e98e924ac44869av2_2.html?tw=0 | Q16: https://tenhou.net/4/?log=2023041917gm-0009-0000-258c559e&tw=0 | S16: =IF(E16="","",AVERAGE(E7:E16)) -> 73.349996 | T16: =IF(F16="","",AVERAGE(F7:F16)) -> 85.989434 | U16: =IF(G16="","",AVERAGE(G7:G16)) -> 8.1803925 | AH16: Avg N-Match | AI16: =AVERAGE(E:E) -> 74.001617 | AL16: =min(E:E) -> 52 | AM16: =max(E:E) -> 97.5 | AO16: N-Rating | AP16: =AVERAGEIFS($F3:$F1322,$B3:$B1322,">="&AP15,$B3:$B1322,"<"&(EOMONTH(AP15,0)+1)) -> 85.721689 | AQ16: =AVERAGEIFS($F3:$F1322,$B3:$B1322,">="&AQ15,$B3:$B1322,"<"&(EOMONTH(AQ15,0)+1)) -> 85.400892
A17: =IF(B17<>"",ROW()-2,"") -> 15 | B17: 45035.212 | C17: 1 | D17: 1 | E17: 81.355932 | F17: 87.304576 | G17: 5.0847458 | H17: 77.966102 | I17: 87.012542 | J17: 6.779661 | K17: 72.881356 | L17: 86.025932 | M17: 8.4745763 | N17: 59 | O17: ⓝLuckyJ(+47.7)ウエスタンT.C(+15.2)－えむわい－(-12.1)MOMONT(-50.8) | P17: https://naga.dmv.nico/htmls/0c82f956dd28beec439d61b25acfcaa56d2e65515bbd9d5fa6a17242f0962461v2_2.html?tw=1 | Q17: https://tenhou.net/4/?log=2023041918gm-0009-0000-63986359&tw=1 | S17: =IF(E17="","",AVERAGE(E8:E17)) -> 73.606801 | T17: =IF(F17="","",AVERAGE(F8:F17)) -> 85.763301 | U17: =IF(G17="","",AVERAGE(G8:G17)) -> 7.9312913 | AH17: Avg N-Rating | AI17: =AVERAGE(F:F) -> 85.629931 | AL17: =min(F:F) -> 72.414091 | AM17: =max(F:F) -> 99.53525 | AO17: N-Bad % | AP17: =AVERAGEIFS($G3:$G1322,$B3:$B1322,">="&AP15,$B3:$B1322,"<"&(EOMONTH(AP15,0)+1)) -> 8.0505452 | AQ17: =AVERAGEIFS($G3:$G1322,$B3:$B1322,">="&AQ15,$B3:$B1322,"<"&(EOMONTH(AQ15,0)+1)) -> 8.2075483
A18: =IF(B18<>"",ROW()-2,"") -> 16 | B18: 45035.224 | C18: 2 | D18: 3 | E18: 68.253968 | F18: 86.67754 | G18: 7.1428571 | H18: 69.84127 | I18: 85.891825 | J18: 11.111111 | K18: 62.698413 | L18: 83.670952 | M18: 7.9365079 | N18: 126 | O18: コントレイル常(+41.9)ⓝLuckyJ(+10.7)NoName(-20.7)yama79(-31.9) | P18: https://naga.dmv.nico/htmls/4de88a2f7ec4fcc76ecf9f93e8a0a7f63245a676646e9f73dbb40241b9cd7d87v2_2.html?tw=3 | Q18: https://tenhou.net/4/?log=2023041918gm-0009-0000-99286749&tw=3 | S18: =IF(E18="","",AVERAGE(E9:E18)) -> 71.571439 | T18: =IF(F18="","",AVERAGE(F9:F18)) -> 85.094713 | U18: =IF(G18="","",AVERAGE(G9:G18)) -> 8.0126657 | AH18: Avg N-Bad | AI18: =AVERAGE(G:G) -> 8.0977726 | AL18: =min(G:G) -> 0 | AM18: =max(G:G) -> 21.428571 | AO18: Games | AP18: =COUNTIFS($B3:$B1322,">="&AP15,$B3:$B1322,"<"&(EOMONTH(AP15,0)+1)) -> 935 | AQ18: =COUNTIFS($B3:$B1322,">="&AQ15,$B3:$B1322,"<"&(EOMONTH(AQ15,0)+1)) -> 385
A19: =IF(B19<>"",ROW()-2,"") -> 17 | B19: 45035.251 | C19: 2 | D19: 2 | E19: 64.583333 | F19: 84.645417 | G19: 8.3333333 | H19: 66.666667 | I19: 85.575 | J19: 4.1666667 | K19: 66.666667 | L19: 80.847708 | M19: 10.416667 | N19: 48 | O19: 上埜久(+63.5)ⓝLuckyJ(+9.0)NoName(-22.2)juck(-50.3) | P19: https://naga.dmv.nico/htmls/b7e227eaeca10df1519afb8f10c7457658d16819f7a80bc0fce0420a8dbd1706v2_2.html?tw=2 | Q19: https://tenhou.net/4/?log=2023041919gm-0009-0000-ebacd917&tw=2 | S19: =IF(E19="","",AVERAGE(E10:E19)) -> 70.456242 | T19: =IF(F19="","",AVERAGE(F10:F19)) -> 85.036799 | U19: =IF(G19="","",AVERAGE(G10:G19)) -> 7.9636461 | AH19: Avg H-Match | AI19: =AVERAGE(H:H) -> 73.086314 | AL19: =min(H:H) -> 50 | AM19: =max(H:H) -> 92.5
A20: =IF(B20<>"",ROW()-2,"") -> 18 | B20: 45035.262 | C20: 3 | D20: 2 | E20: 68.468468 | F20: 84.227027 | G20: 6.3063063 | H20: 72.972973 | I20: 85.373964 | J20: 5.4054054 | K20: 76.576577 | L20: 86.115315 | M20: 6.3063063 | N20: 111 | O20: 雀魂やめました(+69.8)yasuNORI(+5.7)ⓝLuckyJ(-14.4)玉次郎(-61.1) | P20: https://naga.dmv.nico/htmls/a55c5b745d198c1586c8eb377f0341236974d5051af4d495383042e486823394v2_2.html?tw=2 | Q20: https://tenhou.net/4/?log=2023041919gm-0009-0000-3a6c978b&tw=2 | S20: =IF(E20="","",AVERAGE(E11:E20)) -> 70.455263 | T20: =IF(F20="","",AVERAGE(F11:F20)) -> 85.283165 | U20: =IF(G20="","",AVERAGE(G11:G20)) -> 8.1594941 | AH20: Avg H-Rating | AI20: =AVERAGE(I:I) -> 86.100335 | AL20: =min(I:I) -> 74.44303 | AM20: =max(I:I) -> 98.369
A21: =IF(B21<>"",ROW()-2,"") -> 19 | B21: 45035.285 | C21: 1 | D21: 2 | E21: 72.641509 | F21: 84.040472 | G21: 9.4339623 | H21: 68.867925 | I21: 84.591321 | J21: 7.5471698 | K21: 66.981132 | L21: 81.892264 | M21: 10.377358 | N21: 106 | O21: ⓝLuckyJ(+66.0)M-KAMADA(+1.7)モロブラン(-24.8)smoker33(-42.9) | P21: https://naga.dmv.nico/htmls/3edec3119773a7d5ec6d6ef1d43eb0c2be7d1ef1ade12aa06741e09c6b142be1v2_2.html?tw=2 | Q21: https://tenhou.net/4/?log=2023041919gm-0009-0000-1f370ff0&tw=2 | S21: =IF(E21="","",AVERAGE(E12:E21)) -> 70.91529 | T21: =IF(F21="","",AVERAGE(F12:F21)) -> 85.297707 | U21: =IF(G21="","",AVERAGE(G12:G21)) -> 7.9688697 | AH21: Avg H-Bad | AI21: =AVERAGE(J:J) -> 7.207058 | AL21: =min(J:J) -> 0 | AM21: =max(J:J) -> 20
A22: =IF(B22<>"",ROW()-2,"") -> 20 | B22: 45035.305 | C22: 3 | D22: 1 | E22: 62.820513 | F22: 80.500256 | G22: 11.538462 | H22: 64.102564 | I22: 81.015385 | J22: 7.6923077 | K22: 57.692308 | L22: 76.922564 | M22: 11.538462 | N22: 78 | O22: kawabe(+58.1)COMSL(+20.0)ⓝLuckyJ(-25.4)kiku2361(-52.7) | P22: https://naga.dmv.nico/htmls/32af865e65d255b3ab97c1f7315b898a899d27c3b3d6cefb65317aad25d7ede9v2_2.html?tw=1 | Q22: https://tenhou.net/4/?log=2023041920gm-0009-0000-2e91f650&tw=1 | S22: =IF(E22="","",AVERAGE(E13:E22)) -> 70.274265 | T22: =IF(F22="","",AVERAGE(F13:F22)) -> 84.834262 | U22: =IF(G22="","",AVERAGE(G13:G22)) -> 8.268015 | V22: =IF(E22="","",AVERAGE(E3:E22)) -> 71.833221 | W22: =IF(F22="","",AVERAGE(F3:F22)) -> 84.879039 | X22: =IF(G22="","",AVERAGE(G3:G22)) -> 8.7386019 | AH22: Avg K-Match | AI22: =AVERAGE(K:K) -> 72.380275 | AL22: =min(K:K) -> 52.272727 | AM22: =max(K:K) -> 97.5
A23: =IF(B23<>"",ROW()-2,"") -> 21 | B23: 45035.319 | C23: 4 | D23: 1 | E23: 79.439252 | F23: 88.72028 | G23: 5.6074766 | H23: 82.242991 | I23: 88.877757 | J23: 5.6074766 | K23: 78.504673 | L23: 86.90514 | M23: 5.6074766 | N23: 107 | O23: こすず(+55.3)きのみぃ(+4.2)残飯くん(-20.6)ⓝLuckyJ(-38.9) | P23: https://naga.dmv.nico/htmls/80f871d582a45302e3c399b4e60ba9308bfefb869ebfc55d827cdfc0695651dfv2_2.html?tw=1 | Q23: https://tenhou.net/4/?log=2023041920gm-0009-0000-1e13a6a6&tw=1 | S23: =IF(E23="","",AVERAGE(E14:E23)) -> 72.044277 | T23: =IF(F23="","",AVERAGE(F14:F23)) -> 85.618551 | U23: =IF(G23="","",AVERAGE(G14:G23)) -> 7.6983279 | V23: =IF(E23="","",AVERAGE(E4:E23)) -> 72.055183 | W23: =IF(F23="","",AVERAGE(F4:F23)) -> 85.070664 | X23: =IF(G23="","",AVERAGE(G4:G23)) -> 8.4832614 | AH23: Avg K-Rating | AI23: =AVERAGE(L:L) -> 84.375398 | AL23: =min(L:L) -> 70.806136 | AM23: =max(L:L) -> 98.92525
A24: =IF(B24<>"",ROW()-2,"") -> 22 | B24: 45035.341 | C24: 1 | D24: 1 | E24: 77.777778 | F24: 85.03127 | G24: 12.698413 | H24: 73.015873 | I24: 84.198889 | J24: 11.111111 | K24: 74.603175 | L24: 82.892063 | M24: 12.698413 | N24: 63 | O24: ⓝLuckyJ(+53.1)RIOSUBA(+11.1)アッティバティ(-12.4)NIAGARA(-51.8) | P24: https://naga.dmv.nico/htmls/7f89121448a35f7f5512b48f8c348c1fcfdefd8a6daed41ee2897ace2a853dbfv2_2.html?tw=1 | Q24: https://tenhou.net/4/?log=2023041921gm-0009-0000-5c860451&tw=1 | S24: =IF(E24="","",AVERAGE(E15:E24)) -> 71.947055 | T24: =IF(F24="","",AVERAGE(F15:F24)) -> 85.163191 | U24: =IF(G24="","",AVERAGE(G15:G24)) -> 8.3431691 | V24: =IF(E24="","",AVERAGE(E5:E24)) -> 72.47916 | W24: =IF(F24="","",AVERAGE(F5:F24)) -> 85.279096 | X24: =IF(G24="","",AVERAGE(G5:G24)) -> 8.6357259 | AH24: Avg K-Bad | AI24: =AVERAGE(M:M) -> 9.3316916 | AL24: =min(M:M) -> 0 | AM24: =max(M:M) -> 20.454545
A25: =IF(B25<>"",ROW()-2,"") -> 23 | B25: 45035.352 | C25: 2 | D25: 3 | E25: 68.292683 | F25: 81.072439 | G25: 11.382114 | H25: 70.731707 | I25: 85.871057 | J25: 6.504065 | K25: 69.918699 | L25: 83.763984 | M25: 8.1300813 | N25: 123 | O25: Cheeeee(+57.3)ⓝLuckyJ(+3.5)TOMOKEN(-22.0)swimcap(-38.8) | P25: https://naga.dmv.nico/htmls/e1054a708cd5ccaf98803bc57d7061c2d67e6b059b4f9092fed19411ea350f3ev2_2.html?tw=3 | Q25: https://tenhou.net/4/?log=2023041921gm-0009-0000-47d50d35&tw=3 | S25: =IF(E25="","",AVERAGE(E16:E25)) -> 71.44299 | T25: =IF(F25="","",AVERAGE(F16:F25)) -> 84.598901 | U25: =IF(G25="","",AVERAGE(G16:G25)) -> 8.8147139 | V25: =IF(E25="","",AVERAGE(E6:E25)) -> 72.472741 | W25: =IF(F25="","",AVERAGE(F6:F25)) -> 85.319547 | X25: =IF(G25="","",AVERAGE(G6:G25)) -> 8.5469369 | AH25: Avg Moves | AI25: =AVERAGE(N:N) -> 117.33917 | AL25: =min(N:N) -> 9 | AM25: =max(N:N) -> 255
A26: =IF(B26<>"",ROW()-2,"") -> 24 | B26: 45035.376 | C26: 1 | D26: 0 | E26: 69.827586 | F26: 83.537759 | G26: 10.344828 | H26: 75.862069 | I26: 87.101897 | J26: 9.4827586 | K26: 70.689655 | L26: 82.362931 | M26: 12.931034 | N26: 116 | O26: ⓝLuckyJ(+48.9)夜のピエロ(+10.8)李秀明明(-16.2)NoName(-43.5) | P26: https://naga.dmv.nico/htmls/589876618f35a6bfd9890de77f30b2776cf0c9ae1c0004d2e51ba9e194bbc01cv2_2.html?tw=0 | Q26: https://tenhou.net/4/?log=2023041922gm-0009-0000-1d429576&tw=0 | S26: =IF(E26="","",AVERAGE(E17:E26)) -> 71.346102 | T26: =IF(F26="","",AVERAGE(F17:F26)) -> 84.575704 | U26: =IF(G26="","",AVERAGE(G17:G26)) -> 8.7872497 | V26: =IF(E26="","",AVERAGE(E7:E26)) -> 72.348049 | W26: =IF(F26="","",AVERAGE(F7:F26)) -> 85.282569 | X26: =IF(G26="","",AVERAGE(G7:G26)) -> 8.4838211
A27: =IF(B27<>"",ROW()-2,"") -> 25 | B27: 45035.398 | C27: 1 | D27: 2 | E27: 76.470588 | F27: 86.379926 | G27: 7.3529412 | H27: 75.735294 | I27: 85.763603 | J27: 7.3529412 | K27: 69.852941 | L27: 83.191544 | M27: 12.5 | N27: 136 | O27: ⓝLuckyJ(+48.6)ひさQ(+7.9)コミヤマサン(-13.9)NoName(-42.6) | P27: https://naga.dmv.nico/htmls/a35070b9062590c90af5ba0700f1160b3afd5b307477a05a0626621d5688d83fv2_2.html?tw=2 | Q27: https://tenhou.net/4/?log=2023041922gm-0009-0000-6def000f&tw=2 | S27: =IF(E27="","",AVERAGE(E18:E27)) -> 70.857568 | T27: =IF(F27="","",AVERAGE(F18:F27)) -> 84.483239 | U27: =IF(G27="","",AVERAGE(G18:G27)) -> 9.0140693 | V27: =IF(E27="","",AVERAGE(E8:E27)) -> 72.232185 | W27: =IF(F27="","",AVERAGE(F8:F27)) -> 85.12327 | X27: =IF(G27="","",AVERAGE(G8:G27)) -> 8.4726803
A28: =IF(B28<>"",ROW()-2,"") -> 26 | B28: 45035.422 | C28: 4 | D28: 1 | E28: 68.367347 | F28: 82.897653 | G28: 5.1020408 | H28: 65.306122 | I28: 82.860408 | J28: 6.122449 | K28: 63.265306 | L28: 81.084592 | M28: 13.265306 | N28: 98 | O28: ミツオ(+65.4)愛舞モコ(+10.8)abc5111(-32.2)ⓝLuckyJ(-44.0) | P28: https://naga.dmv.nico/htmls/f03d1e1bb536f4f1abe6bcc4defdab050558c1d21875dd172438dc78b245db2av2_2.html?tw=1 | Q28: https://tenhou.net/4/?log=2023041923gm-0009-0000-029075c2&tw=1 | S28: =IF(E28="","",AVERAGE(E19:E28)) -> 70.868906 | T28: =IF(F28="","",AVERAGE(F19:F28)) -> 84.10525 | U28: =IF(G28="","",AVERAGE(G19:G28)) -> 8.8099876 | V28: =IF(E28="","",AVERAGE(E9:E28)) -> 71.220172 | W28: =IF(F28="","",AVERAGE(F9:F28)) -> 84.599981 | X28: =IF(G28="","",AVERAGE(G9:G28)) -> 8.4113266
A29: =IF(B29<>"",ROW()-2,"") -> 27 | B29: 45035.44 | C29: 3 | D29: 1 | E29: 76.146789 | F29: 85.597706 | G29: 6.4220183 | H29: 76.146789 | I29: 87.613853 | J29: 5.5045872 | K29: 67.889908 | L29: 80.109358 | M29: 8.2568807 | N29: 109 | O29: cx1122(+46.6)まるまる(+8.0)ⓝLuckyJ(-16.8)rosso(-37.8) | P29: https://naga.dmv.nico/htmls/3f29e82abdc3a085c1e5f70e8edb15f5b3adbd044ee6f6879e29ccd6a11e653bv2_2.html?tw=1 | Q29: https://tenhou.net/4/?log=2023041923gm-0009-0000-73949e90&tw=1 | S29: =IF(E29="","",AVERAGE(E20:E29)) -> 72.025251 | T29: =IF(F29="","",AVERAGE(F20:F29)) -> 84.200479 | U29: =IF(G29="","",AVERAGE(G20:G29)) -> 8.6188561 | V29: =IF(E29="","",AVERAGE(E10:E29)) -> 71.240747 | W29: =IF(F29="","",AVERAGE(F10:F29)) -> 84.618639 | X29: =IF(G29="","",AVERAGE(G10:G29)) -> 8.2912511
A30: =IF(B30<>"",ROW()-2,"") -> 28 | B30: 45035.461 | C30: 4 | D30: 0 | E30: 82.051282 | F30: 89.34265 | G30: 6.8376068 | H30: 83.760684 | I30: 89.13812 | J30: 7.6923077 | K30: 81.196581 | L30: 89.471111 | M30: 7.6923077 | N30: 117 | O30: サラズ(+41.0)Iolon(+9.6)冷やしタヌキ(-11.1)ⓝLuckyJ(-39.5) | P30: https://naga.dmv.nico/htmls/734550f19ae8e10d80a10a4d0bd85d0282074af0485ce042175e47a6788743d9v2_2.html?tw=0 | Q30: https://tenhou.net/4/?log=2023042000gm-0009-0000-544d3398&tw=0 | S30: =IF(E30="","",AVERAGE(E21:E30)) -> 73.383533 | T30: =IF(F30="","",AVERAGE(F21:F30)) -> 84.712041 | U30: =IF(G30="","",AVERAGE(G21:G30)) -> 8.6719862 | V30: =IF(E30="","",AVERAGE(E11:E30)) -> 71.919398 | W30: =IF(F30="","",AVERAGE(F11:F30)) -> 84.997603 | X30: =IF(G30="","",AVERAGE(G11:G30)) -> 8.4157401
A31: =IF(B31<>"",ROW()-2,"") -> 29 | B31: 45035.485 | C31: 1 | D31: 0 | E31: 69.166667 | F31: 83.378667 | G31: 10 | H31: 73.333333 | I31: 87.0645 | J31: 7.5 | K31: 75.833333 | L31: 85.570083 | M31: 11.666667 | N31: 120 | O31: ⓝLuckyJ(+66.0)部長直属の３人目(+6.6)サラズ(-26.6)DRK(-46.0) | P31: https://naga.dmv.nico/htmls/b1e1fedd4c0c1ca314fabc79144ce2e8da0ef247a37e2ce08518a56a2c20626bv2_2.html?tw=0 | Q31: https://tenhou.net/4/?log=2023042000gm-0009-0000-4aeb94c4&tw=0 | S31: =IF(E31="","",AVERAGE(E22:E31)) -> 73.036049 | T31: =IF(F31="","",AVERAGE(F22:F31)) -> 84.645861 | U31: =IF(G31="","",AVERAGE(G22:G31)) -> 8.7285899 | V31: =IF(E31="","",AVERAGE(E12:E31)) -> 71.975669 | W31: =IF(F31="","",AVERAGE(F12:F31)) -> 84.971784 | X31: =IF(G31="","",AVERAGE(G12:G31)) -> 8.3487298
A32: =IF(B32<>"",ROW()-2,"") -> 30 | B32: 45035.504 | C32: 3 | D32: 3 | E32: 65.734266 | F32: 82.758951 | G32: 11.188811 | H32: 71.328671 | I32: 84.613287 | J32: 9.7902098 | K32: 69.93007 | L32: 81.494126 | M32: 11.888112 | N32: 143 | O32: 山本こうや(+48.2)SFGiants(+6.7)ⓝLuckyJ(-20.2)koshiko(-34.7) | P32: https://naga.dmv.nico/htmls/090c6ac8ad82466140a60f6d5f89d4a1426eb9de8c9be9a6270e3e7e356fe68dv2_2.html?tw=3 | Q32: https://tenhou.net/4/?log=2023042001gm-0009-0000-333a7cb8&tw=3 | S32: =IF(E32="","",AVERAGE(E23:E32)) -> 73.327424 | T32: =IF(F32="","",AVERAGE(F23:F32)) -> 84.87173 | U32: =IF(G32="","",AVERAGE(G23:G32)) -> 8.6936249 | V32: =IF(E32="","",AVERAGE(E13:E32)) -> 71.800844 | W32: =IF(F32="","",AVERAGE(F13:F32)) -> 84.852996 | X32: =IF(G32="","",AVERAGE(G13:G32)) -> 8.4808199
A33: =IF(B33<>"",ROW()-2,"") -> 31 | B33: 45035.863 | C33: 1 | D33: 2 | E33: 72.815534 | F33: 84.808835 | G33: 6.7961165 | H33: 71.84466 | I33: 83.248447 | J33: 10.679612 | K33: 69.902913 | L33: 83.231068 | M33: 7.7669903 | N33: 103 | O33: ⓝLuckyJ(+44.2)いとおやじ92(+9.6)のぶ１７５１(-14.9)Ο(-38.9) | P33: https://naga.dmv.nico/htmls/04d47849b81c37c3a58c0c664fb52b2eef4c645b12ac81bdf57dd66b9e909a53v2_2.html?tw=2 | Q33: https://tenhou.net/4/?log=2023042009gm-0009-0000-3e6354b7&tw=2 | S33: =IF(E33="","",AVERAGE(E24:E33)) -> 72.665052 | T33: =IF(F33="","",AVERAGE(F24:F33)) -> 84.480586 | U33: =IF(G33="","",AVERAGE(G24:G33)) -> 8.8124889 | V33: =IF(E33="","",AVERAGE(E14:E33)) -> 72.354664 | W33: =IF(F33="","",AVERAGE(F14:F33)) -> 85.049568 | X33: =IF(G33="","",AVERAGE(G14:G33)) -> 8.2554084
A34: =IF(B34<>"",ROW()-2,"") -> 32 | B34: 45035.88 | C34: 3 | D34: 2 | E34: 79.439252 | F34: 87.971402 | G34: 6.5420561 | H34: 76.635514 | I34: 86.288505 | J34: 6.5420561 | K34: 74.766355 | L34: 84.574019 | M34: 9.3457944 | N34: 107 | O34: 0610(+48.1)jun6696(+13.5)ⓝLuckyJ(-17.1)わびわび(-44.5) | P34: https://naga.dmv.nico/htmls/a201257b7589d7121ec37ab94e62b44f9431a34bc0501657e51ac9d9c16a6957v2_2.html?tw=2 | Q34: https://tenhou.net/4/?log=2023042010gm-0009-0000-aa278fc2&tw=2 | S34: =IF(E34="","",AVERAGE(E25:E34)) -> 72.831199 | T34: =IF(F34="","",AVERAGE(F25:F34)) -> 84.774599 | U34: =IF(G34="","",AVERAGE(G25:G34)) -> 8.1968532 | V34: =IF(E34="","",AVERAGE(E15:E34)) -> 72.389127 | W34: =IF(F34="","",AVERAGE(F15:F34)) -> 84.968895 | X34: =IF(G34="","",AVERAGE(G15:G34)) -> 8.2700112
A35: =IF(B35<>"",ROW()-2,"") -> 33 | B35: 45035.901 | C35: 1 | D35: 3 | E35: 69.662921 | F35: 84.306067 | G35: 8.988764 | H35: 74.157303 | I35: 88.452472 | J35: 7.8651685 | K35: 67.41573 | L35: 83.166517 | M35: 12.359551 | N35: 89 | O35: ⓝLuckyJ(+61.3)jun6696(-0.6)餅ちゃん(-22.0)xxxb(-38.7) | P35: https://naga.dmv.nico/htmls/845d95d8c25c7434c910e39d9bbd1fb80eee354ffc1198172554336b40123961v2_2.html?tw=3 | Q35: https://tenhou.net/4/?log=2023042010gm-0009-0000-9ff1b8f2&tw=3 | S35: =IF(E35="","",AVERAGE(E26:E35)) -> 72.968223 | T35: =IF(F35="","",AVERAGE(F26:F35)) -> 85.097962 | U35: =IF(G35="","",AVERAGE(G26:G35)) -> 7.9575183 | V35: =IF(E35="","",AVERAGE(E16:E35)) -> 72.205607 | W35: =IF(F35="","",AVERAGE(F16:F35)) -> 84.848431 | X35: =IF(G35="","",AVERAGE(G16:G35)) -> 8.3861161
A36: =IF(B36<>"",ROW()-2,"") -> 34 | B36: 45035.92 | C36: 3 | D36: 3 | E36: 72.340426 | F36: 84.613191 | G36: 4.2553191 | H36: 70.212766 | I36: 81.202766 | J36: 8.5106383 | K36: 65.957447 | L36: 79.601277 | M36: 10.638298 | N36: 47 | O36: 満貫猿(+55.0)SHOTA-IG(+22.7)ⓝLuckyJ(-16.6)ukukhide(-61.1) | P36: https://naga.dmv.nico/htmls/7f1d40e70daf7f849f2b7dde17804723cde4fbe40e3ff5b95b8d98810e2bfdc6v2_2.html?tw=3 | Q36: https://tenhou.net/4/?log=2023042011gm-0009-0000-31331971&tw=3 | S36: =IF(E36="","",AVERAGE(E27:E36)) -> 73.219507 | T36: =IF(F36="","",AVERAGE(F27:F36)) -> 85.205505 | U36: =IF(G36="","",AVERAGE(G27:G36)) -> 7.3485674 | V36: =IF(E36="","",AVERAGE(E17:E36)) -> 72.282805 | W36: =IF(F36="","",AVERAGE(F17:F36)) -> 84.890604 | X36: =IF(G36="","",AVERAGE(G17:G36)) -> 8.0679086
A37: =IF(B37<>"",ROW()-2,"") -> 35 | B37: 45035.928 | C37: 3 | D37: 3 | E37: 86.075949 | F37: 91.311392 | G37: 6.3291139 | H37: 87.341772 | I37: 92.437848 | J37: 6.3291139 | K37: 86.075949 | L37: 92.15962 | M37: 5.0632911 | N37: 79 | O37: 神様最高(+47.6)迩冬(+13.5)ⓝLuckyJ(-7.8)ハニワOcO(-53.3) | P37: https://naga.dmv.nico/htmls/73e9c55ae281d02220d306a6611022d8d3aee64d0043e3ca37f2e2e4244c92e3v2_2.html?tw=3 | Q37: https://tenhou.net/4/?log=2023042011gm-0009-0000-810729ef&tw=3 | S37: =IF(E37="","",AVERAGE(E28:E37)) -> 74.180043 | T37: =IF(F37="","",AVERAGE(F28:F37)) -> 85.698651 | U37: =IF(G37="","",AVERAGE(G28:G37)) -> 7.2461847 | V37: =IF(E37="","",AVERAGE(E18:E37)) -> 72.518806 | W37: =IF(F37="","",AVERAGE(F18:F37)) -> 85.090945 | X37: =IF(G37="","",AVERAGE(G18:G37)) -> 8.130127
... A51: =IF(B51<>"",ROW()-2,"") -> 49 | B51: 45036.235 | C51: 2 | D51: 0 | E51: 74.074074 | F51: 84.362222 | G51: 11.851852 | H51: 71.111111 | I51: 84.429333 | J51: 10.37037 | K51: 70.37037 | L51: 83.432593 | M51: 11.111111 | N51: 135 | O51: リーチまける(+51.9)ⓝLuckyJ(+13.3)りえこさま(-21.6)なつみゆ(-43.6) | P51: https://naga.dmv.nico/htmls/4667deb620baaff35213bad07695ee089ff9e7306eda2398c4e836bd7a70cc13v2_2.html?tw=0 | Q51: https://tenhou.net/4/?log=2023042018gm-0089-0000-05b20c20&tw=0 | S51: =IF(E51="","",AVERAGE(E42:E51)) -> 76.028931 | T51: =IF(F51="","",AVERAGE(F42:F51)) -> 85.912113 | U51: =IF(G51="","",AVERAGE(G42:G51)) -> 8.468923 | V51: =IF(E51="","",AVERAGE(E32:E51)) -> 76.204721 | W51: =IF(F51="","",AVERAGE(F32:F51)) -> 86.560317 | X51: =IF(G51="","",AVERAGE(G32:G51)) -> 8.0055155
A52: =IF(B52<>"",ROW()-2,"") -> 50 | B52: 45036.257 | C52: 3 | D52: 2 | E52: 78.625954 | F52: 86.717939 | G52: 6.870229 | H52: 77.099237 | I52: 88.307328 | J52: 6.1068702 | K52: 75.572519 | L52: 85.407176 | M52: 10.687023 | N52: 131 | O52: アイマ(+54.4)スカーレモン(+10.6)ⓝLuckyJ(-11.9)迷走太(-53.1) | P52: https://naga.dmv.nico/htmls/2a62b5da8979f614ab4abc804707178e2f054b5ae543a417b020ea14573cdb8dv2_2.html?tw=2 | Q52: https://tenhou.net/4/?log=2023042019gm-0089-0000-c9dd2c5a&tw=2 | S52: =IF(E52="","",AVERAGE(E43:E52)) -> 76.113748 | T52: =IF(F52="","",AVERAGE(F43:F52)) -> 85.93863 | U52: =IF(G52="","",AVERAGE(G43:G52)) -> 8.267057 | V52: =IF(E52="","",AVERAGE(E33:E52)) -> 76.849306 | W52: =IF(F52="","",AVERAGE(F33:F52)) -> 86.758266 | X52: =IF(G52="","",AVERAGE(G33:G52)) -> 7.7895864 | Y52: =IF(E52="","",AVERAGE(E3:E52)) -> 74.138495 | Z52: =IF(F52="","",AVERAGE(F3:F52)) -> 85.629268 | AA52: =IF(G52="","",AVERAGE(G3:G52)) -> 8.3500003
A53: =IF(B53<>"",ROW()-2,"") -> 51 | B53: 45036.28 | C53: 4 | D53: 2 | E53: 72.666667 | F53: 85.419267 | G53: 7.3333333 | H53: 76.666667 | I53: 86.946133 | J53: 6.6666667 | K53: 74 | L53: 84.940933 | M53: 9.3333333 | N53: 150 | O53: すずぴ(+52.4)zzz11111(+10.0)清水文(-18.5)ⓝLuckyJ(-43.9) | P53: https://naga.dmv.nico/htmls/05bc081ca28e7c7371b5c1faadc22d34bfed77ff469b0eaf0784d97b8bd1c646v2_2.html?tw=2 | Q53: https://tenhou.net/4/?log=2023042019gm-0089-0000-dc112820&tw=2 | S53: =IF(E53="","",AVERAGE(E44:E53)) -> 75.497203 | T53: =IF(F53="","",AVERAGE(F44:F53)) -> 86.02114 | U53: =IF(G53="","",AVERAGE(G44:G53)) -> 8.0514852 | V53: =IF(E53="","",AVERAGE(E34:E53)) -> 76.841862 | W53: =IF(F53="","",AVERAGE(F34:F53)) -> 86.788788 | X53: =IF(G53="","",AVERAGE(G34:G53)) -> 7.8164472 | Y53: =IF(E53="","",AVERAGE(E4:E53)) -> 74.091829 | Z53: =IF(F53="","",AVERAGE(F4:F53)) -> 85.639898 | AA53: =IF(G53="","",AVERAGE(G4:G53)) -> 8.2823812
A54: =IF(B54<>"",ROW()-2,"") -> 52 | B54: 45036.306 | C54: 2 | D54: 3 | E54: 73.846154 | F54: 87.495692 | G54: 6.1538462 | H54: 73.076923 | I54: 86.815231 | J54: 6.1538462 | K54: 71.538462 | L54: 83.982 | M54: 7.6923077 | N54: 130 | O54: YAYAYA49(+60.9)ⓝLuckyJ(+25.6)nako太郎(-36.7)fmi_7452(-49.8) | P54: https://naga.dmv.nico/htmls/800241d7c62c238a00e95043f8f703a8caa9a621976450f6d87d1eca2a1ff38av2_2.html?tw=3 | Q54: https://tenhou.net/4/?log=2023042020gm-0089-0000-27bc3a0d&tw=3 | S54: =IF(E54="","",AVERAGE(E45:E54)) -> 76.444319 | T54: =IF(F54="","",AVERAGE(F45:F54)) -> 86.870341 | U54: =IF(G54="","",AVERAGE(G45:G54)) -> 7.3543698 | V54: =IF(E54="","",AVERAGE(E35:E54)) -> 76.562207 | W54: =IF(F54="","",AVERAGE(F35:F54)) -> 86.765002 | X54: =IF(G54="","",AVERAGE(G35:G54)) -> 7.7970367 | Y54: =IF(E54="","",AVERAGE(E5:E54)) -> 74.182787 | Z54: =IF(F54="","",AVERAGE(F5:F54)) -> 85.772559 | AA54: =IF(G54="","",AVERAGE(G5:G54)) -> 8.2124757
A55: =IF(B55<>"",ROW()-2,"") -> 53 | B55: 45036.331 | C55: 3 | D55: 3 | E55: 74.489796 | F55: 83.717959 | G55: 11.22449 | H55: 73.469388 | I55: 85.102143 | J55: 6.122449 | K55: 72.44898 | L55: 81.514184 | M55: 10.204082 | N55: 98 | O55: locksley(+42.8)菊の湯(+5.4)ⓝLuckyJ(-15.5)猪油拌飯(-32.7) | P55: https://naga.dmv.nico/htmls/e2e5bc48fb2cca7e2a74fb817cbca0e8af5983cb1b21a53408873a74dcce5bdfv2_2.html?tw=3 | Q55: https://tenhou.net/4/?log=2023042020gm-0089-0000-eff301e3&tw=3 | S55: =IF(E55="","",AVERAGE(E46:E55)) -> 76.174 | T55: =IF(F55="","",AVERAGE(F46:F55)) -> 86.340207 | U55: =IF(G55="","",AVERAGE(G46:G55)) -> 7.950503 | V55: =IF(E55="","",AVERAGE(E36:E55)) -> 76.803551 | W55: =IF(F55="","",AVERAGE(F36:F55)) -> 86.735597 | X55: =IF(G55="","",AVERAGE(G36:G55)) -> 7.908823 | Y55: =IF(E55="","",AVERAGE(E6:E55)) -> 74.304162 | Z55: =IF(F55="","",AVERAGE(F6:F55)) -> 85.84165 | AA55: =IF(G55="","",AVERAGE(G6:G55)) -> 8.1738076
A56: =IF(B56<>"",ROW()-2,"") -> 54 | B56: 45036.349 | C56: 2 | D56: 0 | E56: 73.381295 | F56: 86.210432 | G56: 8.6330935 | H56: 70.503597 | I56: 85.716259 | J56: 10.071942 | K56: 70.503597 | L56: 83.056187 | M56: 12.94964 | N56: 139 | O56: IM51(+61.0)ⓝLuckyJ(+3.2)Vtg(-23.5)selgei(-40.7) | P56: https://naga.dmv.nico/htmls/3782d536bebc8f6f2bda932aa2a07fefb242897e56783bbe1e55da0e94cb383ev2_2.html?tw=0 | Q56: https://tenhou.net/4/?log=2023042021gm-0089-0000-ed1425f5&tw=0 | S56: =IF(E56="","",AVERAGE(E47:E56)) -> 75.238748 | T56: =IF(F56="","",AVERAGE(F47:F56)) -> 85.980207 | U56: =IF(G56="","",AVERAGE(G47:G56)) -> 8.3102153 | V56: =IF(E56="","",AVERAGE(E37:E56)) -> 76.855595 | W56: =IF(F56="","",AVERAGE(F37:F56)) -> 86.815459 | X56: =IF(G56="","",AVERAGE(G37:G56)) -> 8.1277118 | Y56: =IF(E56="","",AVERAGE(E7:E56)) -> 74.325359 | Z56: =IF(F56="","",AVERAGE(F7:F56)) -> 85.880312 | AA56: =IF(G56="","",AVERAGE(G7:G56)) -> 8.1143266
A57: =IF(B57<>"",ROW()-2,"") -> 55 | B57: 45036.367 | C57: 1 | D57: 3 | E57: 76.146789 | F57: 87.461468 | G57: 11.009174 | H57: 70.642202 | I57: 83.752018 | J57: 12.844037 | K57: 72.477064 | L57: 86.875688 | M57: 10.091743 | N57: 109 | O57: ⓝLuckyJ(+61.4)しゅち(+3.1)ydy(-26.2)stark(-38.3) | P57: https://naga.dmv.nico/htmls/abe7b2a97a00c08b535a31a0ac292ba8d3edfbbdb7b4f4644d6fc9765ecad048v2_2.html?tw=3 | Q57: https://tenhou.net/4/?log=2023042021gm-0089-0000-086a3cd1&tw=3 | S57: =IF(E57="","",AVERAGE(E48:E57)) -> 75.309567 | T57: =IF(F57="","",AVERAGE(F48:F57)) -> 86.063696 | U57: =IF(G57="","",AVERAGE(G48:G57)) -> 8.7970976 | V57: =IF(E57="","",AVERAGE(E38:E57)) -> 76.359137 | W57: =IF(F57="","",AVERAGE(F38:F57)) -> 86.622963 | X57: =IF(G57="","",AVERAGE(G38:G57)) -> 8.3617148 | Y57: =IF(E57="","",AVERAGE(E8:E57)) -> 74.272537 | Z57: =IF(F57="","",AVERAGE(F8:F57)) -> 85.838223 | AA57: =IF(G57="","",AVERAGE(G8:G57)) -> 8.182995
A58: =IF(B58<>"",ROW()-2,"") -> 56 | B58: 45036.39 | C58: 1 | D58: 1 | E58: 76.190476 | F58: 87.713095 | G58: 9.5238095 | H58: 78.571429 | I58: 85.345357 | J58: 7.1428571 | K58: 79.761905 | L58: 89.052262 | M58: 9.5238095 | N58: 84 | O58: ⓝLuckyJ(+77.0)Maitake3(+6.7)kufu(-29.3)elezz(-54.4) | P58: https://naga.dmv.nico/htmls/d5560d24c7077dad3a13ac9b6abc9e0060763c26e0106e193c1bab537e0ba045v2_2.html?tw=1 | Q58: https://tenhou.net/4/?log=2023042022gm-0089-0000-3e64d427&tw=1 | S58: =IF(E58="","",AVERAGE(E49:E58)) -> 74.255146 | T58: =IF(F58="","",AVERAGE(F49:F58)) -> 85.641362 | U58: =IF(G58="","",AVERAGE(G49:G58)) -> 9.0351928 | V58: =IF(E58="","",AVERAGE(E39:E58)) -> 76.187179 | W58: =IF(F58="","",AVERAGE(F39:F58)) -> 86.516289 | X58: =IF(G58="","",AVERAGE(G39:G58)) -> 8.328646 | Y58: =IF(E58="","",AVERAGE(E9:E58)) -> 74.024195 | Z58: =IF(F58="","",AVERAGE(F9:F58)) -> 85.725217 | AA58: =IF(G58="","",AVERAGE(G9:G58)) -> 8.2468889
A59: =IF(B59<>"",ROW()-2,"") -> 57 | B59: 45036.403 | C59: 2 | D59: 0 | E59: 76.258993 | F59: 86.087338 | G59: 8.6330935 | H59: 75.539568 | I59: 88.260144 | J59: 5.0359712 | K59: 74.100719 | L59: 85.034748 | M59: 12.230216 | N59: 139 | O59: thomasd(+44.7)ⓝLuckyJ(+11.3)vimo(-10.1)利根川幸雄2(-45.9) | P59: https://naga.dmv.nico/htmls/3cf36456480464e1a109fdeb0d3da59a5395683982035de1127da1e5276a8005v2_2.html?tw=0 | Q59: https://tenhou.net/4/?log=2023042022gm-0089-0000-417ff3e3&tw=0 | S59: =IF(E59="","",AVERAGE(E50:E59)) -> 75.273902 | T59: =IF(F59="","",AVERAGE(F50:F59)) -> 86.063677 | U59: =IF(G59="","",AVERAGE(G50:G59)) -> 9.005645 | V59: =IF(E59="","",AVERAGE(E40:E59)) -> 75.800129 | W59: =IF(F59="","",AVERAGE(F40:F59)) -> 86.275147 | X59: =IF(G59="","",AVERAGE(G40:G59)) -> 8.4803007 | Y59: =IF(E59="","",AVERAGE(E10:E59)) -> 74.034669 | Z59: =IF(F59="","",AVERAGE(F10:F59)) -> 85.742472 | AA59: =IF(G59="","",AVERAGE(G10:G59)) -> 8.2430802
A60: =IF(B60<>"",ROW()-2,"") -> 58 | B60: 45036.426 | C60: 4 | D60: 2 | E60: 70.072993 | F60: 84.485474 | G60: 9.4890511 | H60: 72.262774 | I60: 85.017956 | J60: 9.4890511 | K60: 70.80292 | L60: 84.683869 | M60: 8.0291971 | N60: 137 | O60: りとるかぶ(+46.5)beathaze(+5.2)maiyan27(-17.6)ⓝLuckyJ(-34.1) | P60: https://naga.dmv.nico/htmls/2acf83aa754367195c5e889a1e97570d994fd01824bc130a4929863c10d433bcv2_2.html?tw=2 | Q60: https://tenhou.net/4/?log=2023042023gm-0089-0000-2af0b92b&tw=2 | S60: =IF(E60="","",AVERAGE(E51:E60)) -> 74.575319 | T60: =IF(F60="","",AVERAGE(F51:F60)) -> 85.967089 | U60: =IF(G60="","",AVERAGE(G51:G60)) -> 9.0721972 | V60: =IF(E60="","",AVERAGE(E41:E60)) -> 75.125207 | W60: =IF(F60="","",AVERAGE(F41:F60)) -> 85.911253 | X60: =IF(G60="","",AVERAGE(G41:G60)) -> 8.6690389 | Y60: =IF(E60="","",AVERAGE(E11:E60)) -> 74.066563 | Z60: =IF(F60="","",AVERAGE(F11:F60)) -> 85.796914 | AA60: =IF(G60="","",AVERAGE(G11:G60)) -> 8.3459047
A61: =IF(B61<>"",ROW()-2,"") -> 59 | B61: 45036.451 | C61: 1 | D61: 1 | E61: 80.952381 | F61: 87.064643 | G61: 8.3333333 | H61: 80.952381 | I61: 87.98369 | J61: 5.952381 | K61: 82.142857 | L61: 86.735595 | M61: 7.1428571 | N61: 84 | O61: ⓝLuckyJ(+53.0)朽木冬子(+21.2)伊地知虹夏Δ(-23.3)ok65536(-50.9) | P61: https://naga.dmv.nico/htmls/ae9c658a0a491baa4b5f1ef146e51223d96c3540e87472dc509617a308898a62v2_2.html?tw=1 | Q61: https://tenhou.net/4/?log=2023042023gm-0089-0000-1148beab&tw=1 | S61: =IF(E61="","",AVERAGE(E52:E61)) -> 75.26315 | T61: =IF(F61="","",AVERAGE(F52:F61)) -> 86.237331 | U61: =IF(G61="","",AVERAGE(G52:G61)) -> 8.7203454 | V61: =IF(E61="","",AVERAGE(E42:E61)) -> 75.64604 | W61: =IF(F61="","",AVERAGE(F42:F61)) -> 86.074722 | X61: =IF(G61="","",AVERAGE(G42:G61)) -> 8.5946342 | Y61: =IF(E61="","",AVERAGE(E12:E61)) -> 74.324786 | Z61: =IF(F61="","",AVERAGE(F12:F61)) -> 85.860306 | AA61: =IF(G61="","",AVERAGE(G12:G61)) -> 8.2857672
A62: =IF(B62<>"",ROW()-2,"") -> 60 | B62: 45036.467 | C62: 4 | D62: 1 | E62: 77.900552 | F62: 86.790331 | G62: 6.6298343 | H62: 79.005525 | I62: 86.215525 | J62: 7.7348066 | K62: 76.79558 | L62: 86.210331 | M62: 6.6298343 | N62: 181 | O62: スート(+89.8)musa10(-3.5)体力不足(-34.8)ⓝLuckyJ(-51.5) | P62: https://naga.dmv.nico/htmls/c033fb4a5656cdb409e870b273f920326e636d0ae63160b6314bda684201b83fv2_2.html?tw=1 | Q62: https://tenhou.net/4/?log=2023042100gm-0089-0000-485da883&tw=1 | S62: =IF(E62="","",AVERAGE(E53:E62)) -> 75.19061 | T62: =IF(F62="","",AVERAGE(F53:F62)) -> 86.24457 | U62: =IF(G62="","",AVERAGE(G53:G62)) -> 8.6963059 | V62: =IF(E62="","",AVERAGE(E43:E62)) -> 75.652179 | W62: =IF(F62="","",AVERAGE(F43:F62)) -> 86.0916 | X62: =IF(G62="","",AVERAGE(G43:G62)) -> 8.4816814 | Y62: =IF(E62="","",AVERAGE(E13:E62)) -> 74.498182 | Z62: =IF(F62="","",AVERAGE(F13:F62)) -> 85.893419 | AA62: =IF(G62="","",AVERAGE(G13:G62)) -> 8.2474237
A63: =IF(B63<>"",ROW()-2,"") -> 61 | B63: 45036.498 | C63: 2 | D63: 3 | E63: 77.142857 | F63: 87.460857 | G63: 7.1428571 | H63: 80 | I63: 89.667571 | J63: 5.7142857 | K63: 82.857143 | L63: 89.262286 | M63: 7.1428571 | N63: 70 | O63: AxCx(+47.0)ⓝLuckyJ(+5.3)TIB4(-15.7)サザナミ(-36.6) | P63: https://naga.dmv.nico/htmls/8d761fddf12693c8a2a17f75be6bbcacf16a2d8433580ba0fbc488bdedb03830v2_2.html?tw=3 | Q63: https://tenhou.net/4/?log=2023042100gm-0089-0000-de2596bf&tw=3 | S63: =IF(E63="","",AVERAGE(E54:E63)) -> 75.638229 | T63: =IF(F63="","",AVERAGE(F54:F63)) -> 86.448729 | U63: =IF(G63="","",AVERAGE(G54:G63)) -> 8.6772583 | V63: =IF(E63="","",AVERAGE(E44:E63)) -> 75.567716 | W63: =IF(F63="","",AVERAGE(F44:F63)) -> 86.234935 | X63: =IF(G63="","",AVERAGE(G44:G63)) -> 8.3643717 | Y63: =IF(E63="","",AVERAGE(E14:E63)) -> 74.806256 | Z63: =IF(F63="","",AVERAGE(F14:F63)) -> 86.025088 | AA63: =IF(G63="","",AVERAGE(G14:G63)) -> 8.1641939
... A101: =IF(B101<>"",ROW()-2,"") -> 99 | B101: 45037.938 | C101: 2 | D101: 2 | E101: 84.693878 | F101: 91.470204 | G101: 3.0612245 | H101: 76.530612 | I101: 87.886327 | J101: 4.0816327 | K101: 78.571429 | L101: 86.998878 | M101: 7.1428571 | N101: 98 | O101: あつぽよ(+44.8)ⓝLuckyJ(+9.3)Tria(-17.1)Kei様(-37.0) | P101: https://naga.dmv.nico/htmls/e8ecfe03914927aec2f5e9cde4bc05a69153fb4f1620319cd356ee4a503a170av2_2.html?tw=2 | Q101: https://tenhou.net/4/?log=2023042211gm-0089-0000-a2642be6&tw=2 | S101: =IF(E101="","",AVERAGE(E92:E101)) -> 75.59338 | T101: =IF(F101="","",AVERAGE(F92:F101)) -> 85.848633 | U101: =IF(G101="","",AVERAGE(G92:G101)) -> 7.7541569 | V101: =IF(E101="","",AVERAGE(E82:E101)) -> 75.201458 | W101: =IF(F101="","",AVERAGE(F82:F101)) -> 85.717483 | X101: =IF(G101="","",AVERAGE(G82:G101)) -> 8.1256558 | Y101: =IF(E101="","",AVERAGE(E52:E101)) -> 74.25675 | Z101: =IF(F101="","",AVERAGE(F52:F101)) -> 85.345874 | AA101: =IF(G101="","",AVERAGE(G52:G101)) -> 8.4576745
A102: =IF(B102<>"",ROW()-2,"") -> 100 | B102: 45037.955 | C102: 2 | D102: 3 | E102: 67.532468 | F102: 81.98961 | G102: 10.38961 | H102: 65.584416 | I102: 82.746688 | J102: 5.8441558 | K102: 61.688312 | L102: 78.967013 | M102: 12.987013 | N102: 154 | O102: 上山郷ハンター(+40.6)ⓝLuckyJ(+9.3)K.W.(-11.2)wes14(-38.7) | P102: https://naga.dmv.nico/htmls/8d43f74564ebe916e5c6eef33f7b5e5e76117e4e16b6ac135898b1a8f16c7c59v2_2.html?tw=3 | Q102: https://tenhou.net/4/?log=2023042211gm-0089-0000-6cf61fba&tw=3 | S102: =IF(E102="","",AVERAGE(E93:E102)) -> 75.084722 | T102: =IF(F102="","",AVERAGE(F93:F102)) -> 85.506749 | U102: =IF(G102="","",AVERAGE(G93:G102)) -> 7.9597846 | V102: =IF(E102="","",AVERAGE(E83:E102)) -> 74.781785 | W102: =IF(F102="","",AVERAGE(F83:F102)) -> 85.51576 | X102: =IF(G102="","",AVERAGE(G83:G102)) -> 8.135877 | Y102: =IF(E102="","",AVERAGE(E53:E102)) -> 74.03488 | Z102: =IF(F102="","",AVERAGE(F53:F102)) -> 85.251308 | AA102: =IF(G102="","",AVERAGE(G53:G102)) -> 8.5280622 | AB102: =IF(E102="","",AVERAGE(E3:E102)) -> 74.086688 | AC102: =IF(F102="","",AVERAGE(F3:F102)) -> 85.440288 | AD102: =IF(G102="","",AVERAGE(G3:G102)) -> 8.4390312
A103: =IF(B103<>"",ROW()-2,"") -> 101 | B103: 45037.98 | C103: 1 | D103: 3 | E103: 67.96875 | F103: 84.190156 | G103: 11.71875 | H103: 67.96875 | I103: 83.944453 | J103: 14.0625 | K103: 67.96875 | L103: 84.758203 | M103: 11.71875 | N103: 128 | O103: ⓝLuckyJ(+52.5)☆のんたろう☆(+4.3)★こすけ★(-18.5)ニャンコ次郎吉(-38.3) | P103: https://naga.dmv.nico/htmls/3e5a63ba6008302cb000207747e49e2c90402a6cb1d4b2d0fafd27b31292f54av2_2.html?tw=3 | Q103: https://tenhou.net/4/?log=2023042212gm-0089-0000-924563d9&tw=3 | S103: =IF(E103="","",AVERAGE(E94:E103)) -> 74.640218 | T103: =IF(F103="","",AVERAGE(F94:F103)) -> 85.632096 | U103: =IF(G103="","",AVERAGE(G94:G103)) -> 8.0971768 | V103: =IF(E103="","",AVERAGE(E84:E103)) -> 74.513556 | W103: =IF(F103="","",AVERAGE(F84:F103)) -> 85.492017 | X103: =IF(G103="","",AVERAGE(G84:G103)) -> 8.4301479 | Y103: =IF(E103="","",AVERAGE(E54:E103)) -> 73.940922 | Z103: =IF(F103="","",AVERAGE(F54:F103)) -> 85.226725 | AA103: =IF(G103="","",AVERAGE(G54:G103)) -> 8.6157705 | AB103: =IF(E103="","",AVERAGE(E4:E103)) -> 74.016375 | AC103: =IF(F103="","",AVERAGE(F4:F103)) -> 85.433312 | AD103: =IF(G103="","",AVERAGE(G4:G103)) -> 8.4490759
A104: =IF(B104<>"",ROW()-2,"") -> 102 | B104: 45038.004 | C104: 2 | D104: 2 | E104: 90.47619 | F104: 96.620238 | G104: 0 | H104: 90.47619 | I104: 97.665 | J104: 0 | K104: 88.095238 | L104: 95.221905 | M104: 0 | N104: 42 | O104: TShi(+55.0)ⓝLuckyJ(+15.3)ittosai(-20.0)枯葉散る夕暮れ(-50.3) | P104: https://naga.dmv.nico/htmls/06e251d45b2059a299902daf4aab4ed05ccf963d8691cbd27acf1c915941fb0fv2_2.html?tw=2 | Q104: https://tenhou.net/4/?log=2023042213gm-0089-0000-f7c5ebd3&tw=2 | S104: =IF(E104="","",AVERAGE(E95:E104)) -> 76.08367 | T104: =IF(F104="","",AVERAGE(F95:F104)) -> 86.672609 | U104: =IF(G104="","",AVERAGE(G95:G104)) -> 7.2638435 | V104: =IF(E104="","",AVERAGE(E85:E104)) -> 75.488978 | W104: =IF(F104="","",AVERAGE(F85:F104)) -> 86.056087 | X104: =IF(G104="","",AVERAGE(G85:G104)) -> 8.1075672 | Y104: =IF(E104="","",AVERAGE(E55:E104)) -> 74.273523 | Z104: =IF(F104="","",AVERAGE(F55:F104)) -> 85.409216 | AA104: =IF(G104="","",AVERAGE(G55:G104)) -> 8.4926936 | AB104: =IF(E104="","",AVERAGE(E5:E104)) -> 74.228155 | AC104: =IF(F104="","",AVERAGE(F5:F104)) -> 85.590888 | AD104: =IF(G104="","",AVERAGE(G5:G104)) -> 8.3525847
A105: =IF(B105<>"",ROW()-2,"") -> 103 | B105: 45038.012 | C105: 2 | D105: 2 | E105: 68.695652 | F105: 81.771478 | G105: 13.043478 | H105: 65.217391 | I105: 81.024087 | J105: 10.434783 | K105: 61.73913 | L105: 79.383043 | M105: 12.173913 | N105: 115 | O105: オオアワガエリ(+59.7)ⓝLuckyJ(+14.0)雨の白馬(-21.8)kopio(-51.9) | P105: https://naga.dmv.nico/htmls/78a024f793dba8732439fd12f0a65dc0befffc353416129bf9d885b7ae9e4001v2_2.html?tw=2 | Q105: https://tenhou.net/4/?log=2023042213gm-0089-0000-983940c0&tw=2 | S105: =IF(E105="","",AVERAGE(E96:E105)) -> 75.584815 | T105: =IF(F105="","",AVERAGE(F96:F105)) -> 86.297485 | U105: =IF(G105="","",AVERAGE(G96:G105)) -> 7.2524018 | V105: =IF(E105="","",AVERAGE(E86:E105)) -> 75.073186 | W105: =IF(F105="","",AVERAGE(F86:F105)) -> 85.893972 | X105: =IF(G105="","",AVERAGE(G86:G105)) -> 8.2424998 | Y105: =IF(E105="","",AVERAGE(E56:E105)) -> 74.15764 | Z105: =IF(F105="","",AVERAGE(F56:F105)) -> 85.370287 | AA105: =IF(G105="","",AVERAGE(G56:G105)) -> 8.5290734 | AB105: =IF(E105="","",AVERAGE(E6:E105)) -> 74.230901 | AC105: =IF(F105="","",AVERAGE(F6:F105)) -> 85.605968 | AD105: =IF(G105="","",AVERAGE(G6:G105)) -> 8.3514405
A106: =IF(B106<>"",ROW()-2,"") -> 104 | B106: 45038.031 | C106: 1 | D106: 2 | E106: 72.222222 | F106: 83.849259 | G106: 8.3333333 | H106: 62.962963 | I106: 83.206574 | J106: 10.185185 | K106: 64.814815 | L106: 80.837778 | M106: 12.962963 | N106: 108 | O106: ⓝLuckyJ(+57.4)Riki(+14.4)raogarne(-18.5)ぶぅりん(-53.3) | P106: https://naga.dmv.nico/htmls/fbb259c8613deb8816986882f78568cf2643908728323880517b55c3b94d8310v2_2.html?tw=2 | Q106: https://tenhou.net/4/?log=2023042213gm-0089-0000-b2e599bc&tw=2 | S106: =IF(E106="","",AVERAGE(E97:E106)) -> 75.14037 | T106: =IF(F106="","",AVERAGE(F97:F106)) -> 85.827653 | U106: =IF(G106="","",AVERAGE(G97:G106)) -> 7.5857352 | V106: =IF(E106="","",AVERAGE(E87:E106)) -> 75.145836 | W106: =IF(F106="","",AVERAGE(F87:F106)) -> 85.969581 | X106: =IF(G106="","",AVERAGE(G87:G106)) -> 8.0822434 | Y106: =IF(E106="","",AVERAGE(E57:E106)) -> 74.134458 | Z106: =IF(F106="","",AVERAGE(F57:F106)) -> 85.323063 | AA106: =IF(G106="","",AVERAGE(G57:G106)) -> 8.5230781 | AB106: =IF(E106="","",AVERAGE(E7:E106)) -> 74.229909 | AC106: =IF(F106="","",AVERAGE(F7:F106)) -> 85.601688 | AD106: =IF(G106="","",AVERAGE(G7:G106)) -> 8.3187024
A107: =IF(B107<>"",ROW()-2,"") -> 105 | B107: 45038.053 | C107: 2 | D107: 1 | E107: 71.07438 | F107: 82.25876 | G107: 11.570248 | H107: 71.07438 | I107: 83.473223 | J107: 11.570248 | K107: 71.07438 | L107: 84.518347 | M107: 9.0909091 | N107: 121 | O107: 無冠(+52.8)ⓝLuckyJ(+5.6)kunichan(-15.0)麻雀isluck(-43.4) | P107: https://naga.dmv.nico/htmls/2dbdb59d26f23f8eee2bcf38a0ae3c5c56990fea0168ee3110d7beac6a1d52bfv2_2.html?tw=1 | Q107: https://tenhou.net/4/?log=2023042214gm-0089-0000-ece46fda&tw=1 | S107: =IF(E107="","",AVERAGE(E98:E107)) -> 74.600749 | T107: =IF(F107="","",AVERAGE(F98:F107)) -> 85.58811 | U107: =IF(G107="","",AVERAGE(G98:G107)) -> 7.9339364 | V107: =IF(E107="","",AVERAGE(E88:E107)) -> 74.864968 | W107: =IF(F107="","",AVERAGE(F88:F107)) -> 85.681244 | X107: =IF(G107="","",AVERAGE(G88:G107)) -> 8.3224099 | Y107: =IF(E107="","",AVERAGE(E58:E107)) -> 74.03301 | Z107: =IF(F107="","",AVERAGE(F58:F107)) -> 85.219009 | AA107: =IF(G107="","",AVERAGE(G58:G107)) -> 8.5342996 | AB107: =IF(E107="","",AVERAGE(E8:E107)) -> 74.152774 | AC107: =IF(F107="","",AVERAGE(F8:F107)) -> 85.528616 | AD107: =IF(G107="","",AVERAGE(G8:G107)) -> 8.3586473
A108: =IF(B108<>"",ROW()-2,"") -> 106 | B108: 45038.078 | C108: 2 | D108: 1 | E108: 75.757576 | F108: 87.345833 | G108: 7.5757576 | H108: 75 | I108: 87.116288 | J108: 7.5757576 | K108: 71.969697 | L108: 84.908258 | M108: 9.8484848 | N108: 132 | O108: baseball(+41.9)ⓝLuckyJ(+11.1)おくおく(-15.4)ぴーまる(-37.6) | P108: https://naga.dmv.nico/htmls/6d35f61f04a3fdee64f9f6712fea5554697f0eed978c0408a9963243d2c2c403v2_2.html?tw=1 | Q108: https://tenhou.net/4/?log=2023042214gm-0089-0000-ad521d37&tw=1 | S108: =IF(E108="","",AVERAGE(E99:E108)) -> 74.529448 | T108: =IF(F108="","",AVERAGE(F99:F108)) -> 85.857274 | U108: =IF(G108="","",AVERAGE(G99:G108)) -> 7.8826887 | V108: =IF(E108="","",AVERAGE(E89:E108)) -> 74.841372 | W108: =IF(F108="","",AVERAGE(F89:F108)) -> 85.826938 | X108: =IF(G108="","",AVERAGE(G89:G108)) -> 8.2503781 | Y108: =IF(E108="","",AVERAGE(E59:E108)) -> 74.024352 | Z108: =IF(F108="","",AVERAGE(F59:F108)) -> 85.211664 | AA108: =IF(G108="","",AVERAGE(G59:G108)) -> 8.4953386 | AB108: =IF(E108="","",AVERAGE(E9:E108)) -> 74.024274 | AC108: =IF(F108="","",AVERAGE(F9:F108)) -> 85.46844 | AD108: =IF(G108="","",AVERAGE(G9:G108)) -> 8.3711137
A109: =IF(B109<>"",ROW()-2,"") -> 107 | B109: 45038.108 | C109: 4 | D109: 0 | E109: 62.585034 | F109: 76.226803 | G109: 12.92517 | H109: 60.544218 | I109: 79.948503 | J109: 9.5238095 | K109: 61.904762 | L109: 77.753129 | M109: 14.285714 | N109: 147 | O109: ロップちゃん(+59.7)ジャム2006(+8.5)りおくん(-26.5)ⓝLuckyJ(-41.7) | P109: https://naga.dmv.nico/htmls/480379be75c80237d78250137bdf64529cb05ccdf9ac5d9c82c177f58614b4f6v2_2.html?tw=0 | Q109: https://tenhou.net/4/?log=2023042214gm-0089-0000-ad521d37&tw=1 | S109: =IF(E109="","",AVERAGE(E100:E109)) -> 72.903336 | T109: =IF(F109="","",AVERAGE(F100:F109)) -> 84.780098 | U109: =IF(G109="","",AVERAGE(G100:G109)) -> 8.4059749 | V109: =IF(E109="","",AVERAGE(E90:E109)) -> 74.141795 | W109: =IF(F109="","",AVERAGE(F90:F109)) -> 85.341336 | X109: =IF(G109="","",AVERAGE(G90:G109)) -> 8.4912312 | Y109: =IF(E109="","",AVERAGE(E60:E109)) -> 73.750873 | Z109: =IF(F109="","",AVERAGE(F60:F109)) -> 85.014453 | AA109: =IF(G109="","",AVERAGE(G60:G109)) -> 8.5811801 | AB109: =IF(E109="","",AVERAGE(E10:E109)) -> 73.892771 | AC109: =IF(F109="","",AVERAGE(F10:F109)) -> 85.378463 | AD109: =IF(G109="","",AVERAGE(G10:G109)) -> 8.4121301
A110: =IF(B110<>"",ROW()-2,"") -> 108 | B110: 45038.133 | C110: 2 | D110: 3 | E110: 71.666667 | F110: 84.30975 | G110: 10 | H110: 65.833333 | I110: 86.0705 | J110: 5.8333333 | K110: 67.5 | L110: 84.539417 | M110: 6.6666667 | N110: 120 | O110: あつぽよ(+53.4)ⓝLuckyJ(+19.3)アーサー@(-29.2)たもん(-43.5) | P110: https://naga.dmv.nico/htmls/209b900d4e46c2a1a5ac085c33344a61ef534d1087743f2e2f38dc7c91e44dddv2_2.html?tw=3 | Q110: https://tenhou.net/4/?log=2023042216gm-0089-0000-ab94ae28&tw=3 | S110: =IF(E110="","",AVERAGE(E101:E110)) -> 73.267282 | T110: =IF(F110="","",AVERAGE(F101:F110)) -> 85.003209 | U110: =IF(G110="","",AVERAGE(G101:G110)) -> 8.8617572 | V110: =IF(E110="","",AVERAGE(E91:E110)) -> 73.708034 | W110: =IF(F110="","",AVERAGE(F91:F110)) -> 85.080465 | X110: =IF(G110="","",AVERAGE(G91:G110)) -> 8.6920859 | Y110: =IF(E110="","",AVERAGE(E61:E110)) -> 73.782747 | Z110: =IF(F110="","",AVERAGE(F61:F110)) -> 85.010939 | AA110: =IF(G110="","",AVERAGE(G61:G110)) -> 8.5913991 | AB110: =IF(E110="","",AVERAGE(E11:E110)) -> 73.924655 | AC110: =IF(F110="","",AVERAGE(F11:F110)) -> 85.403927 | AD110: =IF(G110="","",AVERAGE(G11:G110)) -> 8.4686519
A111: =IF(B111<>"",ROW()-2,"") -> 109 | B111: 45038.153 | C111: 1 | D111: 3 | E111: 66.438356 | F111: 82.678425 | G111: 10.958904 | H111: 61.643836 | I111: 81.185822 | J111: 10.273973 | K111: 63.013699 | L111: 79.977397 | M111: 13.013699 | N111: 146 | O111: ⓝLuckyJ(+57.4)元ニー1号(+12.1)peaske(-22.1)夜の帳(-47.4) | P111: https://naga.dmv.nico/htmls/dbb8ba251191749deec3262b3293202240e4b7df7a480575bff7d638e1953625v2_2.html?tw=3 | Q111: https://tenhou.net/4/?log=2023042216gm-0089-0000-ebebbd1b&tw=3 | S111: =IF(E111="","",AVERAGE(E102:E111)) -> 71.44173 | T111: =IF(F111="","",AVERAGE(F102:F111)) -> 84.124031 | U111: =IF(G111="","",AVERAGE(G102:G111)) -> 9.6515252 | V111: =IF(E111="","",AVERAGE(E92:E111)) -> 73.517555 | W111: =IF(F111="","",AVERAGE(F92:F111)) -> 84.986332 | X111: =IF(G111="","",AVERAGE(G92:G111)) -> 8.702841 | Y111: =IF(E111="","",AVERAGE(E62:E111)) -> 73.492466 | Z111: =IF(F111="","",AVERAGE(F62:F111)) -> 84.923214 | AA111: =IF(G111="","",AVERAGE(G62:G111)) -> 8.6439105 | AB111: =IF(E111="","",AVERAGE(E12:E111)) -> 73.908626 | AC111: =IF(F111="","",AVERAGE(F12:F111)) -> 85.39176 | AD111: =IF(G111="","",AVERAGE(G12:G111)) -> 8.4648389
A112: =IF(B112<>"",ROW()-2,"") -> 110 | B112: 45038.178 | C112: 2 | D112: 2 | E112: 66.129032 | F112: 81.560081 | G112: 12.096774 | H112: 62.903226 | I112: 81.557984 | J112: 12.096774 | K112: 60.483871 | L112: 78.006048 | M112: 10.483871 | N112: 124 | O112: ききっぺ(+43.0)ⓝLuckyJ(+10.4)bante1(-13.0)ya-oya(-40.4) | P112: https://naga.dmv.nico/htmls/015213698ec9b6d6226f9dad026d2cf12b534f4b6b98f7bc0aa95f5d8c654c2av2_2.html?tw=2 | Q112: https://tenhou.net/4/?log=2023042217gm-0089-0000-0338c714&tw=2 | S112: =IF(E112="","",AVERAGE(E103:E112)) -> 71.301386 | T112: =IF(F112="","",AVERAGE(F103:F112)) -> 84.081078 | U112: =IF(G112="","",AVERAGE(G103:G112)) -> 9.8222415 | V112: =IF(E112="","",AVERAGE(E93:E112)) -> 73.193054 | W112: =IF(F112="","",AVERAGE(F93:F112)) -> 84.793914 | X112: =IF(G112="","",AVERAGE(G93:G112)) -> 8.8910131 | Y112: =IF(E112="","",AVERAGE(E63:E112)) -> 73.257036 | Z112: =IF(F112="","",AVERAGE(F63:F112)) -> 84.818609 | AA112: =IF(G112="","",AVERAGE(G63:G112)) -> 8.7532493 | AB112: =IF(E112="","",AVERAGE(E13:E112)) -> 73.877609 | AC112: =IF(F112="","",AVERAGE(F13:F112)) -> 85.356014 | AD112: =IF(G112="","",AVERAGE(G13:G112)) -> 8.5003365
A113: =IF(B113<>"",ROW()-2,"") -> 111 | B113: 45038.2 | C113: 2 | D113: 1 | E113: 80.088496 | F113: 89.056372 | G113: 6.6371681 | H113: 77.433628 | I113: 88.744248 | J113: 4.8672566 | K113: 79.646018 | L113: 88.23354 | M113: 7.079646 | N113: 226 | O113: 陽芹(+69.4)ⓝLuckyJ(+21.7)うなりくん(-37.5)rimogino(-53.6) | P113: https://naga.dmv.nico/htmls/801af7bf2142b6876985fe27add67e578e6339491f16d31715df195b48b75e4bv2_2.html?tw=1 | Q113: https://tenhou.net/4/?log=2023042217gm-0089-0000-cd9a2fac&tw=1 | S113: =IF(E113="","",AVERAGE(E104:E113)) -> 72.513361 | T113: =IF(F113="","",AVERAGE(F104:F113)) -> 84.5677 | U113: =IF(G113="","",AVERAGE(G104:G113)) -> 9.3140834 | V113: =IF(E113="","",AVERAGE(E94:E113)) -> 73.576789 | W113: =IF(F113="","",AVERAGE(F94:F113)) -> 85.099898 | X113: =IF(G113="","",AVERAGE(G94:G113)) -> 8.7056301 | Y113: =IF(E113="","",AVERAGE(E64:E113)) -> 73.315948 | Z113: =IF(F113="","",AVERAGE(F64:F113)) -> 84.85052 | AA113: =IF(G113="","",AVERAGE(G64:G113)) -> 8.7431355 | AB113: =IF(E113="","",AVERAGE(E14:E113)) -> 74.061102 | AC113: =IF(F113="","",AVERAGE(F14:F113)) -> 85.437804 | AD113: =IF(G113="","",AVERAGE(G14:G113)) -> 8.4536647
... A201: =IF(B201<>"",ROW()-2,"") -> 199 | B201: 45041.092 | C201: 1 | D201: 1 | E201: 61.538462 | F201: 77.388 | G201: 10.769231 | H201: 64.615385 | I201: 79.588 | J201: 15.384615 | K201: 63.076923 | L201: 75.330154 | M201: 16.923077 | N201: 65 | O201: ⓝLuckyJ(+77.8)ふれあいにこにこ(-0.4)きさらぎ駅(-23.4)欠損王(-54.0) | P201: https://naga.dmv.nico/htmls/9e0096103ef7ac961c14790f53cdccaefe0e61ac3cffaf2163b6e15990599874v2_2.html?tw=1 | Q201: https://tenhou.net/4/?log=2023042515gm-0029-0000-d7f8dd1f&tw=1 | S201: =IF(E201="","",AVERAGE(E192:E201)) -> 75.107341 | T201: =IF(F201="","",AVERAGE(F192:F201)) -> 86.631968 | U201: =IF(G201="","",AVERAGE(G192:G201)) -> 7.0614772 | V201: =IF(E201="","",AVERAGE(E182:E201)) -> 75.145203 | W201: =IF(F201="","",AVERAGE(F182:F201)) -> 86.72213 | X201: =IF(G201="","",AVERAGE(G182:G201)) -> 7.002684 | Y201: =IF(E201="","",AVERAGE(E152:E201)) -> 72.947003 | Z201: =IF(F201="","",AVERAGE(F152:F201)) -> 85.273965 | AA201: =IF(G201="","",AVERAGE(G152:G201)) -> 8.0079553 | AB201: =IF(E201="","",AVERAGE(E102:E201)) -> 73.045567 | AC201: =IF(F201="","",AVERAGE(F102:F201)) -> 85.358079 | AD201: =IF(G201="","",AVERAGE(G102:G201)) -> 8.1097662
A202: =IF(B202<>"",ROW()-2,"") -> 200 | B202: 45041.107 | C202: 4 | D202: 0 | E202: 75.93985 | F202: 85.270226 | G202: 9.0225564 | H202: 71.428571 | I202: 86.216466 | J202: 3.0075188 | K202: 76.691729 | L202: 86.415188 | M202: 7.518797 | N202: 133 | O202: TEXASBbq(+57.8)mihomiho(+5.6)ヒノボル(-24.4)ⓝLuckyJ(-39.0) | P202: https://naga.dmv.nico/htmls/67a79e822283552bd2e80d47748201fb0ac4bb5ced8159b5c66dbf902ac41181v2_2.html?tw=0 | Q202: https://tenhou.net/4/?log=2023042515gm-0029-0000-1d8dc5ef&tw=0 | S202: =IF(E202="","",AVERAGE(E193:E202)) -> 75.079374 | T202: =IF(F202="","",AVERAGE(F193:F202)) -> 86.283442 | U202: =IF(G202="","",AVERAGE(G193:G202)) -> 7.3539768 | V202: =IF(E202="","",AVERAGE(E183:E202)) -> 75.461803 | W202: =IF(F202="","",AVERAGE(F183:F202)) -> 86.929308 | X202: =IF(G202="","",AVERAGE(G183:G202)) -> 6.8165569 | Y202: =IF(E202="","",AVERAGE(E153:E202)) -> 73.002385 | Z202: =IF(F202="","",AVERAGE(F153:F202)) -> 85.296907 | AA202: =IF(G202="","",AVERAGE(G153:G202)) -> 8.0258048 | AB202: =IF(E202="","",AVERAGE(E103:E202)) -> 73.129641 | AC202: =IF(F202="","",AVERAGE(F103:F202)) -> 85.390885 | AD202: =IF(G202="","",AVERAGE(G103:G202)) -> 8.0960956 | AE202: =IF(E202="","",AVERAGE(E3:E202)) -> 73.608164 | AF202: =IF(F202="","",AVERAGE(F3:F202)) -> 85.415587 | AG202: =IF(G202="","",AVERAGE(G3:G202)) -> 8.2675634
A203: =IF(B203<>"",ROW()-2,"") -> 201 | B203: 45041.132 | C203: 2 | D203: 1 | E203: 66.666667 | F203: 81.787193 | G203: 14.035088 | H203: 68.421053 | I203: 83.609649 | J203: 14.035088 | K203: 70.175439 | L203: 81.094211 | M203: 14.035088 | N203: 57 | O203: ブレーメンと歩く(+48.3)ⓝLuckyJ(+16.0)六村二塁(-13.0)廃墟(-51.3) | P203: https://naga.dmv.nico/htmls/40f21406f9929433ebec88b935bbc188b3ad27ad7723965ca8bcd714386a3a43v2_2.html?tw=1 | Q203: https://tenhou.net/4/?log=2023042516gm-0029-0000-4ccdf7ae&tw=1 | S203: =IF(E203="","",AVERAGE(E194:E203)) -> 73.572964 | T203: =IF(F203="","",AVERAGE(F194:F203)) -> 85.367267 | U203: =IF(G203="","",AVERAGE(G194:G203)) -> 8.0844086 | V203: =IF(E203="","",AVERAGE(E184:E203)) -> 75.400641 | W203: =IF(F203="","",AVERAGE(F184:F203)) -> 86.725172 | X203: =IF(G203="","",AVERAGE(G184:G203)) -> 7.1054673 | Y203: =IF(E203="","",AVERAGE(E154:E203)) -> 72.938893 | Z203: =IF(F203="","",AVERAGE(F154:F203)) -> 85.249128 | AA203: =IF(G203="","",AVERAGE(G154:G203)) -> 8.0842843 | AB203: =IF(E203="","",AVERAGE(E104:E203)) -> 73.11662 | AC203: =IF(F203="","",AVERAGE(F104:F203)) -> 85.366856 | AD203: =IF(G203="","",AVERAGE(G104:G203)) -> 8.119259 | AE203: =IF(E203="","",AVERAGE(E4:E203)) -> 73.566498 | AF203: =IF(F203="","",AVERAGE(F4:F203)) -> 85.400084 | AG203: =IF(G203="","",AVERAGE(G4:G203)) -> 8.2841674
A204: =IF(B204<>"",ROW()-2,"") -> 202 | B204: 45041.143 | C204: 1 | D204: 0 | E204: 78.787879 | F204: 86.685253 | G204: 7.0707071 | H204: 81.818182 | I204: 88.726768 | J204: 8.0808081 | K204: 84.848485 | L204: 89.62303 | M204: 10.10101 | N204: 99 | O204: ⓝLuckyJ(+52.0)RADIANCE(+16.1)ズミ(-16.2)したうけ(-51.9) | P204: https://naga.dmv.nico/htmls/45e935a3e102c52be84b96d3d35efc9b7c9e8cc3b3fe464e0a665a1346272d54v2_2.html?tw=0 | Q204: https://tenhou.net/4/?log=2023042516gm-0029-0000-248ea692&tw=0 | S204: =IF(E204="","",AVERAGE(E195:E204)) -> 74.5999 | T204: =IF(F204="","",AVERAGE(F195:F204)) -> 85.715551 | U204: =IF(G204="","",AVERAGE(G195:G204)) -> 7.8655534 | V204: =IF(E204="","",AVERAGE(E185:E204)) -> 75.271408 | W204: =IF(F204="","",AVERAGE(F185:F204)) -> 86.415298 | X204: =IF(G204="","",AVERAGE(G185:G204)) -> 7.409983 | Y204: =IF(E204="","",AVERAGE(E155:E204)) -> 73.215681 | Z204: =IF(F204="","",AVERAGE(F155:F204)) -> 85.357639 | AA204: =IF(G204="","",AVERAGE(G155:G204)) -> 8.06075 | AB204: =IF(E204="","",AVERAGE(E105:E204)) -> 72.999737 | AC204: =IF(F204="","",AVERAGE(F105:F204)) -> 85.267506 | AD204: =IF(G204="","",AVERAGE(G105:G204)) -> 8.1899661 | AE204: =IF(E204="","",AVERAGE(E5:E204)) -> 73.613946 | AF204: =IF(F204="","",AVERAGE(F5:F204)) -> 85.429197 | AG204: =IF(G204="","",AVERAGE(G5:G204)) -> 8.2712754
A205: =IF(B205<>"",ROW()-2,"") -> 203 | B205: 45041.157 | C205: 2 | D205: 0 | E205: 76.576577 | F205: 87.722973 | G205: 6.3063063 | H205: 76.576577 | I205: 88.426937 | J205: 1.8018018 | K205: 74.774775 | L205: 87.422883 | M205: 5.4054054 | N205: 111 | O205: kuro-ron(+42.6)ⓝLuckyJ(+7.1)ヒカル(-17.9)あっとにゃん(-31.8) | P205: https://naga.dmv.nico/htmls/0161160084c8a739e2460036981b43a4fb833e0e19b95023475c3e7e050a05b4v2_2.html?tw=0 | Q205: https://tenhou.net/4/?log=2023042516gm-0029-0000-85de64f3&tw=0 | S205: =IF(E205="","",AVERAGE(E196:E205)) -> 74.47978 | T205: =IF(F205="","",AVERAGE(F196:F205)) -> 85.713788 | U205: =IF(G205="","",AVERAGE(G196:G205)) -> 7.7891133 | V205: =IF(E205="","",AVERAGE(E186:E205)) -> 75.261853 | W205: =IF(F205="","",AVERAGE(F186:F205)) -> 86.465012 | X205: =IF(G205="","",AVERAGE(G186:G205)) -> 7.371763 | Y205: =IF(E205="","",AVERAGE(E156:E205)) -> 73.292667 | Z205: =IF(F205="","",AVERAGE(F156:F205)) -> 85.392095 | AA205: =IF(G205="","",AVERAGE(G156:G205)) -> 8.0232398 | AB205: =IF(E205="","",AVERAGE(E106:E205)) -> 73.078546 | AC205: =IF(F205="","",AVERAGE(F106:F205)) -> 85.327021 | AD205: =IF(G205="","",AVERAGE(G106:G205)) -> 8.1225943 | AE205: =IF(E205="","",AVERAGE(E6:E205)) -> 73.654723 | AF205: =IF(F205="","",AVERAGE(F6:F205)) -> 85.466495 | AG205: =IF(G205="","",AVERAGE(G6:G205)) -> 8.2370174
A206: =IF(B206<>"",ROW()-2,"") -> 204 | B206: 45041.176 | C206: 3 | D206: 3 | E206: 71.171171 | F206: 83.27036 | G206: 9.9099099 | H206: 64.864865 | I206: 83.548919 | J206: 7.2072072 | K206: 69.369369 | L206: 84.378739 | M206: 9.9099099 | N206: 111 | O206: Porter(+44.1)MAKKEI(+11.8)ⓝLuckyJ(-11.5)たかしばいつき(-44.4) | P206: https://naga.dmv.nico/htmls/a6d5cb4e29ea35286e8f924a4a7828306597384dc7fc1864b355b373de38f64cv2_2.html?tw=3 | Q206: https://tenhou.net/4/?log=2023042517gm-0029-0000-41a6c414&tw=3 | S206: =IF(E206="","",AVERAGE(E197:E206)) -> 73.790445 | T206: =IF(F206="","",AVERAGE(F197:F206)) -> 85.293818 | U206: =IF(G206="","",AVERAGE(G197:G206)) -> 8.134943 | V206: =IF(E206="","",AVERAGE(E187:E206)) -> 75.365355 | W206: =IF(F206="","",AVERAGE(F187:F206)) -> 86.409095 | X206: =IF(G206="","",AVERAGE(G187:G206)) -> 7.5020899 | Y206: =IF(E206="","",AVERAGE(E157:E206)) -> 73.168146 | Z206: =IF(F206="","",AVERAGE(F157:F206)) -> 85.356587 | AA206: =IF(G206="","",AVERAGE(G157:G206)) -> 8.0707531 | AB206: =IF(E206="","",AVERAGE(E107:E206)) -> 73.068036 | AC206: =IF(F206="","",AVERAGE(F107:F206)) -> 85.321232 | AD206: =IF(G206="","",AVERAGE(G107:G206)) -> 8.1383601 | AE206: =IF(E206="","",AVERAGE(E7:E206)) -> 73.648972 | AF206: =IF(F206="","",AVERAGE(F7:F206)) -> 85.46146 | AG206: =IF(G206="","",AVERAGE(G7:G206)) -> 8.2285312
A207: =IF(B207<>"",ROW()-2,"") -> 205 | B207: 45041.192 | C207: 4 | D207: 3 | E207: 76.829268 | F207: 85.988537 | G207: 7.3170732 | H207: 78.04878 | I207: 87.426341 | J207: 4.8780488 | K207: 76.829268 | L207: 85.215488 | M207: 7.3170732 | N207: 82 | O207: ネフタリィ～ソト(+47.9)星汐Seki(+10.2)taneomik(-22.1)ⓝLuckyJ(-36.0) | P207: https://naga.dmv.nico/htmls/7909f95d21fcd673234f4ff5a85e05e1e07c24d34a26e3c493ec4aa3c880e7a6v2_2.html?tw=3 | Q207: https://tenhou.net/4/?log=2023042517gm-0029-0000-8ded792e&tw=3 | S207: =IF(E207="","",AVERAGE(E198:E207)) -> 73.660872 | T207: =IF(F207="","",AVERAGE(F198:F207)) -> 85.170317 | U207: =IF(G207="","",AVERAGE(G198:G207)) -> 8.4499837 | V207: =IF(E207="","",AVERAGE(E188:E207)) -> 75.422096 | W207: =IF(F207="","",AVERAGE(F188:F207)) -> 86.396445 | X207: =IF(G207="","",AVERAGE(G188:G207)) -> 7.4512769 | Y207: =IF(E207="","",AVERAGE(E158:E207)) -> 73.213503 | Z207: =IF(F207="","",AVERAGE(F158:F207)) -> 85.384364 | AA207: =IF(G207="","",AVERAGE(G158:G207)) -> 8.0767436 | AB207: =IF(E207="","",AVERAGE(E108:E207)) -> 73.125584 | AC207: =IF(F207="","",AVERAGE(F108:F207)) -> 85.35853 | AD207: =IF(G207="","",AVERAGE(G108:G207)) -> 8.0958284 | AE207: =IF(E207="","",AVERAGE(E8:E207)) -> 73.639179 | AF207: =IF(F207="","",AVERAGE(F8:F207)) -> 85.443573 | AG207: =IF(G207="","",AVERAGE(G8:G207)) -> 8.2272378
A208: =IF(B208<>"",ROW()-2,"") -> 206 | B208: 45041.208 | C208: 3 | D208: 0 | E208: 76.666667 | F208: 86.388167 | G208: 7.5 | H208: 74.166667 | I208: 84.37075 | J208: 8.3333333 | K208: 73.333333 | L208: 83.899583 | M208: 9.1666667 | N208: 120 | O208: kinta191(+45.1)ちゃぱむら(+7.2)ⓝLuckyJ(-14.3)鯉太郎(-38.0) | P208: https://naga.dmv.nico/htmls/834a5849d93749bfc53473fe6c1dab530dab70fe199197cda31592de9af7cc78v2_2.html?tw=0 | Q208: https://tenhou.net/4/?log=2023042517gm-0029-0000-2906fdef&tw=0 | S208: =IF(E208="","",AVERAGE(E199:E208)) -> 73.224091 | T208: =IF(F208="","",AVERAGE(F199:F208)) -> 84.791025 | U208: =IF(G208="","",AVERAGE(G199:G208)) -> 8.7402136 | V208: =IF(E208="","",AVERAGE(E189:E208)) -> 75.289912 | W208: =IF(F208="","",AVERAGE(F189:F208)) -> 86.413508 | X208: =IF(G208="","",AVERAGE(G189:G208)) -> 7.3952424 | Y208: =IF(E208="","",AVERAGE(E159:E208)) -> 73.363275 | Z208: =IF(F208="","",AVERAGE(F159:F208)) -> 85.497659 | AA208: =IF(G208="","",AVERAGE(G159:G208)) -> 7.9801683 | AB208: =IF(E208="","",AVERAGE(E109:E208)) -> 73.134675 | AC208: =IF(F208="","",AVERAGE(F109:F208)) -> 85.348953 | AD208: =IF(G208="","",AVERAGE(G109:G208)) -> 8.0950708 | AE208: =IF(E208="","",AVERAGE(E9:E208)) -> 73.579474 | AF208: =IF(F208="","",AVERAGE(F9:F208)) -> 85.408697 | AG208: =IF(G208="","",AVERAGE(G9:G208)) -> 8.2330923
A209: =IF(B209<>"",ROW()-2,"") -> 207 | B209: 45041.229 | C209: 3 | D209: 2 | E209: 72.972973 | F209: 85.684054 | G209: 7.4324324 | H209: 72.972973 | I209: 86.044189 | J209: 4.7297297 | K209: 72.297297 | L209: 83.76223 | M209: 8.1081081 | N209: 148 | O209: プロデュー西(+57.9)PanDoraa(+10.7)ⓝLuckyJ(-15.6)顛(-53.0) | P209: https://naga.dmv.nico/htmls/a97e7a1a210a50c3e529499d926030d15729fc390e1fe9e2da6659775fb09f4cv2_2.html?tw=2 | Q209: https://tenhou.net/4/?log=2023042518gm-0029-0000-98207c70&tw=2 | S209: =IF(E209="","",AVERAGE(E200:E209)) -> 72.841388 | T209: =IF(F209="","",AVERAGE(F200:F209)) -> 84.645798 | U209: =IF(G209="","",AVERAGE(G200:G209)) -> 8.6834568 | V209: =IF(E209="","",AVERAGE(E190:E209)) -> 75.069513 | W209: =IF(F209="","",AVERAGE(F190:F209)) -> 86.193705 | X209: =IF(G209="","",AVERAGE(G190:G209)) -> 7.5287688 | Y209: =IF(E209="","",AVERAGE(E160:E209)) -> 73.668888 | Z209: =IF(F209="","",AVERAGE(F160:F209)) -> 85.589327 | AA209: =IF(G209="","",AVERAGE(G160:G209)) -> 7.9172785 | AB209: =IF(E209="","",AVERAGE(E110:E209)) -> 73.238555 | AC209: =IF(F209="","",AVERAGE(F110:F209)) -> 85.443525 | AD209: =IF(G209="","",AVERAGE(G110:G209)) -> 8.0401434 | AE209: =IF(E209="","",AVERAGE(E10:E209)) -> 73.565663 | AF209: =IF(F209="","",AVERAGE(F10:F209)) -> 85.410994 | AG209: =IF(G209="","",AVERAGE(G10:G209)) -> 8.2261368
A210: =IF(B210<>"",ROW()-2,"") -> 208 | B210: 45041.252 | C210: 1 | D210: 0 | E210: 80.13245 | F210: 87.844967 | G210: 7.2847682 | H210: 78.145695 | I210: 86.116026 | J210: 10.596026 | K210: 70.860927 | L210: 84.473974 | M210: 5.2980132 | N210: 151 | O210: ⓝLuckyJ(+52.8)pancake4(+10.8)エセ稲葉(-10.0)cae(-53.6) | P210: https://naga.dmv.nico/htmls/219c162f6a2c81621d74d86d840d5223d391680b02fb3774c85c2870638e5c72v2_2.html?tw=0 | Q210: https://tenhou.net/4/?log=2023042519gm-0029-0000-963e1887&tw=0 | S210: =IF(E210="","",AVERAGE(E201:E210)) -> 73.728196 | T210: =IF(F210="","",AVERAGE(F201:F210)) -> 84.802973 | U210: =IF(G210="","",AVERAGE(G201:G210)) -> 8.6648072 | V210: =IF(E210="","",AVERAGE(E191:E210)) -> 75.235076 | W210: =IF(F210="","",AVERAGE(F191:F210)) -> 86.154099 | X210: =IF(G210="","",AVERAGE(G191:G210)) -> 7.6612191 | Y210: =IF(E210="","",AVERAGE(E161:E210)) -> 73.671537 | Z210: =IF(F210="","",AVERAGE(F161:F210)) -> 85.564744 | AA210: =IF(G210="","",AVERAGE(G161:G210)) -> 7.9538829 | AB210: =IF(E210="","",AVERAGE(E111:E210)) -> 73.323213 | AC210: =IF(F210="","",AVERAGE(F111:F210)) -> 85.478878 | AD210: =IF(G210="","",AVERAGE(G111:G210)) -> 8.0129911 | AE210: =IF(E210="","",AVERAGE(E11:E210)) -> 73.623934 | AF210: =IF(F210="","",AVERAGE(F11:F210)) -> 85.441402 | AG210: =IF(G210="","",AVERAGE(G11:G210)) -> 8.2408215
A211: =IF(B211<>"",ROW()-2,"") -> 209 | B211: 45041.28 | C211: 2 | D211: 3 | E211: 81.176471 | F211: 91.336353 | G211: 2.3529412 | H211: 84.705882 | I211: 92.431765 | J211: 4.7058824 | K211: 77.647059 | L211: 89.062 | M211: 3.5294118 | N211: 85 | O211: ariuma59(+84.8)ⓝLuckyJ(+7.0)タップ(-24.0)深夜食堂(-67.8) | P211: https://naga.dmv.nico/htmls/be3496ec9b50df9549917246d52595feaca292d55c87ab6db520d9b0b06e1cfcv2_2.html?tw=3 | Q211: https://tenhou.net/4/?log=2023042519gm-0029-0000-d4284b70&tw=3 | S211: =IF(E211="","",AVERAGE(E202:E211)) -> 75.691997 | T211: =IF(F211="","",AVERAGE(F202:F211)) -> 86.197808 | U211: =IF(G211="","",AVERAGE(G202:G211)) -> 7.8231782 | V211: =IF(E211="","",AVERAGE(E192:E211)) -> 75.399669 | W211: =IF(F211="","",AVERAGE(F192:F211)) -> 86.414888 | X211: =IF(G211="","",AVERAGE(G192:G211)) -> 7.4423277 | Y211: =IF(E211="","",AVERAGE(E162:E211)) -> 73.682821 | Z211: =IF(F211="","",AVERAGE(F162:F211)) -> 85.640751 | AA211: =IF(G211="","",AVERAGE(G162:G211)) -> 7.7968601 | AB211: =IF(E211="","",AVERAGE(E112:E211)) -> 73.470594 | AC211: =IF(F211="","",AVERAGE(F112:F211)) -> 85.565457 | AD211: =IF(G211="","",AVERAGE(G112:G211)) -> 7.9269315 | AE211: =IF(E211="","",AVERAGE(E12:E211)) -> 73.68961 | AF211: =IF(F211="","",AVERAGE(F12:F211)) -> 85.478609 | AG211: =IF(G211="","",AVERAGE(G12:G211)) -> 8.1958852
A212: =IF(B212<>"",ROW()-2,"") -> 210 | B212: 45041.297 | C212: 2 | D212: 0 | E212: 69.230769 | F212: 84.818269 | G212: 8.6538462 | H212: 71.153846 | I212: 86.029135 | J212: 5.7692308 | K212: 70.192308 | L212: 83.809519 | M212: 9.6153846 | N212: 104 | O212: 漫天楓葉(+43.5)ⓝLuckyJ(+6.2)深夜食堂(-15.8)ささきの新人(-33.9) | P212: https://naga.dmv.nico/htmls/5c77f814d4e6204a2eb9d50181c3d34dcef6b4f5b1113dcda430c52089bae56ev2_2.html?tw=0 | Q212: https://tenhou.net/4/?log=2023042520gm-0029-0000-d9f8a97a&tw=0 | S212: =IF(E212="","",AVERAGE(E203:E212)) -> 75.021089 | T212: =IF(F212="","",AVERAGE(F203:F212)) -> 86.152613 | U212: =IF(G212="","",AVERAGE(G203:G212)) -> 7.7863072 | V212: =IF(E212="","",AVERAGE(E193:E212)) -> 75.050232 | W212: =IF(F212="","",AVERAGE(F193:F212)) -> 86.218027 | X212: =IF(G212="","",AVERAGE(G193:G212)) -> 7.570142 | Y212: =IF(E212="","",AVERAGE(E163:E212)) -> 73.746008 | Z212: =IF(F212="","",AVERAGE(F163:F212)) -> 85.71037 | AA212: =IF(G212="","",AVERAGE(G163:G212)) -> 7.7913656 | AB212: =IF(E212="","",AVERAGE(E113:E212)) -> 73.501611 | AC212: =IF(F212="","",AVERAGE(F113:F212)) -> 85.598039 | AD212: =IF(G212="","",AVERAGE(G113:G212)) -> 7.8925022 | AE212: =IF(E212="","",AVERAGE(E13:E212)) -> 73.68961 | AF212: =IF(F212="","",AVERAGE(F13:F212)) -> 85.477026 | AG212: =IF(G212="","",AVERAGE(G13:G212)) -> 8.1964193
A213: =IF(B213<>"",ROW()-2,"") -> 211 | B213: 45041.317 | C213: 4 | D213: 3 | E213: 77.142857 | F213: 87.216 | G213: 10 | H213: 70 | I213: 86.018286 | J213: 8.5714286 | K213: 70 | L213: 85.641429 | M213: 7.1428571 | N213: 70 | O213: 猛反発まくら(+58.2)張眉怒目(+13.0)天和まだー？(-20.7)ⓝLuckyJ(-50.5) | P213: https://naga.dmv.nico/htmls/1439b069b9d6af5b95dd2e1bf7fd945c7261c02b06763ca6ad43ecc6c79077e0v2_2.html?tw=3 | Q213: https://tenhou.net/4/?log=2023042520gm-0029-0000-ea53f7cf&tw=3 | S213: =IF(E213="","",AVERAGE(E204:E213)) -> 76.068708 | T213: =IF(F213="","",AVERAGE(F204:F213)) -> 86.695493 | U213: =IF(G213="","",AVERAGE(G204:G213)) -> 7.3827984 | V213: =IF(E213="","",AVERAGE(E194:E213)) -> 74.820836 | W213: =IF(F213="","",AVERAGE(F194:F213)) -> 86.03138 | X213: =IF(G213="","",AVERAGE(G194:G213)) -> 7.7336035 | Y213: =IF(E213="","",AVERAGE(E164:E213)) -> 73.926228 | Z213: =IF(F213="","",AVERAGE(F164:F213)) -> 85.785141 | AA213: =IF(G213="","",AVERAGE(G164:G213)) -> 7.7935634 | AB213: =IF(E213="","",AVERAGE(E114:E213)) -> 73.472155 | AC213: =IF(F213="","",AVERAGE(F114:F213)) -> 85.579635 | AD213: =IF(G213="","",AVERAGE(G114:G213)) -> 7.9261305 | AE213: =IF(E213="","",AVERAGE(E14:E213)) -> 73.766629 | AF213: =IF(F213="","",AVERAGE(F14:F213)) -> 85.508719 | AG213: =IF(G213="","",AVERAGE(G14:G213)) -> 8.1898976
... A244: =IF(B244<>"",ROW()-2,"") -> 242 | B244: 45042.316 | C244: 1 | D244: 0 | E244: 72.093023 | F244: 83.824419 | G244: 11.627907 | H244: 72.093023 | I244: 83.876163 | J244: 10.465116 | K244: 67.44186 | L244: 82.743488 | M244: 13.953488 | N244: 86 | O244: ⓝLuckyJ(+60.0)のるばんすく(+14.0)ろっこう(-31.0)結局は薬局(-43.0) | P244: https://naga.dmv.nico/htmls/e1610dc354e879ae0de0dba4dd6eba8d96d509f4a7aaa6c29bbbb219aecd3b77v2_2.html?tw=0 | Q244: https://tenhou.net/4/?log=2023042620gm-0029-0000-49d1f9b1&tw=0 | S244: =IF(E244="","",AVERAGE(E235:E244)) -> 73.69565 | T244: =IF(F244="","",AVERAGE(F235:F244)) -> 84.73173 | U244: =IF(G244="","",AVERAGE(G235:G244)) -> 9.1059638 | V244: =IF(E244="","",AVERAGE(E225:E244)) -> 73.062816 | W244: =IF(F244="","",AVERAGE(F225:F244)) -> 84.970897 | X244: =IF(G244="","",AVERAGE(G225:G244)) -> 8.1981245 | Y244: =IF(E244="","",AVERAGE(E195:E244)) -> 73.613412 | Z244: =IF(F244="","",AVERAGE(F195:F244)) -> 85.27175 | AA244: =IF(G244="","",AVERAGE(G195:G244)) -> 8.0083101 | AB244: =IF(E244="","",AVERAGE(E145:E244)) -> 73.256759 | AC244: =IF(F244="","",AVERAGE(F145:F244)) -> 85.285328 | AD244: =IF(G244="","",AVERAGE(G145:G244)) -> 7.9748609 | AE244: =IF(E244="","",AVERAGE(E45:E244)) -> 73.563823 | AF244: =IF(F244="","",AVERAGE(F45:F244)) -> 85.361734 | AG244: =IF(G244="","",AVERAGE(G45:G244)) -> 8.1946748
A245: =IF(B245<>"",ROW()-2,"") -> 243 | B245: 45042.334 | C245: 1 | O245: ⓝLuckyJ(+54.9)たこやん。(+11.3)古仲可奈応援隊！(-22.2)５０２(-44.0) | P245: no log | Q245: no log | S245: =IF(E245="","",AVERAGE(E236:E245)) | T245: =IF(F245="","",AVERAGE(F236:F245)) | U245: =IF(G245="","",AVERAGE(G236:G245)) | V245: =IF(E245="","",AVERAGE(E226:E245)) | W245: =IF(F245="","",AVERAGE(F226:F245)) | X245: =IF(G245="","",AVERAGE(G226:G245)) | Y245: =IF(E245="","",AVERAGE(E196:E245)) | Z245: =IF(F245="","",AVERAGE(F196:F245)) | AA245: =IF(G245="","",AVERAGE(G196:G245)) | AB245: =IF(E245="","",AVERAGE(E146:E245)) | AC245: =IF(F245="","",AVERAGE(F146:F245)) | AD245: =IF(G245="","",AVERAGE(G146:G245)) | AE245: =IF(E245="","",AVERAGE(E46:E245)) | AF245: =IF(F245="","",AVERAGE(F46:F245)) | AG245: =IF(G245="","",AVERAGE(G46:G245))
A246: =IF(B246<>"",ROW()-2,"") -> 244 | B246: 45042.351 | C246: 3 | O246: neroco(+58.1)ふれあいにこにこ(+15.3)ⓝLuckyJ(-21.1)ｋｋトランス(-52.3) | P246: no log | Q246: no log | S246: =IF(E246="","",AVERAGE(E237:E246)) | T246: =IF(F246="","",AVERAGE(F237:F246)) | U246: =IF(G246="","",AVERAGE(G237:G246)) | V246: =IF(E246="","",AVERAGE(E227:E246)) | W246: =IF(F246="","",AVERAGE(F227:F246)) | X246: =IF(G246="","",AVERAGE(G227:G246)) | Y246: =IF(E246="","",AVERAGE(E197:E246)) | Z246: =IF(F246="","",AVERAGE(F197:F246)) | AA246: =IF(G246="","",AVERAGE(G197:G246)) | AB246: =IF(E246="","",AVERAGE(E147:E246)) | AC246: =IF(F246="","",AVERAGE(F147:F246)) | AD246: =IF(G246="","",AVERAGE(G147:G246)) | AE246: =IF(E246="","",AVERAGE(E47:E246)) | AF246: =IF(F246="","",AVERAGE(F47:F246)) | AG246: =IF(G246="","",AVERAGE(G47:G246))
A247: =IF(B247<>"",ROW()-2,"") -> 245 | B247: 45042.379 | C247: 3 | O247: ゆ@(+45.4)tnkr0617(+11.7)ⓝLuckyJ(-19.9)雪やこんこ(-37.2) | P247: no log | Q247: no log | S247: =IF(E247="","",AVERAGE(E238:E247)) | T247: =IF(F247="","",AVERAGE(F238:F247)) | U247: =IF(G247="","",AVERAGE(G238:G247)) | V247: =IF(E247="","",AVERAGE(E228:E247)) | W247: =IF(F247="","",AVERAGE(F228:F247)) | X247: =IF(G247="","",AVERAGE(G228:G247)) | Y247: =IF(E247="","",AVERAGE(E198:E247)) | Z247: =IF(F247="","",AVERAGE(F198:F247)) | AA247: =IF(G247="","",AVERAGE(G198:G247)) | AB247: =IF(E247="","",AVERAGE(E148:E247)) | AC247: =IF(F247="","",AVERAGE(F148:F247)) | AD247: =IF(G247="","",AVERAGE(G148:G247)) | AE247: =IF(E247="","",AVERAGE(E48:E247)) | AF247: =IF(F247="","",AVERAGE(F48:F247)) | AG247: =IF(G247="","",AVERAGE(G48:G247))
A248: =IF(B248<>"",ROW()-2,"") -> 246 | B248: 45042.407 | C248: 2 | O248: にんもん(+61.9)ⓝLuckyJ(+6.5)まぐろや花(-25.1)garucia(-43.3) | P248: no log | Q248: no log | S248: =IF(E248="","",AVERAGE(E239:E248)) | T248: =IF(F248="","",AVERAGE(F239:F248)) | U248: =IF(G248="","",AVERAGE(G239:G248)) | V248: =IF(E248="","",AVERAGE(E229:E248)) | W248: =IF(F248="","",AVERAGE(F229:F248)) | X248: =IF(G248="","",AVERAGE(G229:G248)) | Y248: =IF(E248="","",AVERAGE(E199:E248)) | Z248: =IF(F248="","",AVERAGE(F199:F248)) | AA248: =IF(G248="","",AVERAGE(G199:G248)) | AB248: =IF(E248="","",AVERAGE(E149:E248)) | AC248: =IF(F248="","",AVERAGE(F149:F248)) | AD248: =IF(G248="","",AVERAGE(G149:G248)) | AE248: =IF(E248="","",AVERAGE(E49:E248)) | AF248: =IF(F248="","",AVERAGE(F49:F248)) | AG248: =IF(G248="","",AVERAGE(G49:G248))
A249: =IF(B249<>"",ROW()-2,"") -> 247 | B249: 45042.431 | C249: 3 | O249: としのぶ@(+56.0)naozo675(+9.5)ⓝLuckyJ(-23.0)つっちー改(-42.5) | P249: no log | Q249: no log | S249: =IF(E249="","",AVERAGE(E240:E249)) | T249: =IF(F249="","",AVERAGE(F240:F249)) | U249: =IF(G249="","",AVERAGE(G240:G249)) | V249: =IF(E249="","",AVERAGE(E230:E249)) | W249: =IF(F249="","",AVERAGE(F230:F249)) | X249: =IF(G249="","",AVERAGE(G230:G249)) | Y249: =IF(E249="","",AVERAGE(E200:E249)) | Z249: =IF(F249="","",AVERAGE(F200:F249)) | AA249: =IF(G249="","",AVERAGE(G200:G249)) | AB249: =IF(E249="","",AVERAGE(E150:E249)) | AC249: =IF(F249="","",AVERAGE(F150:F249)) | AD249: =IF(G249="","",AVERAGE(G150:G249)) | AE249: =IF(E249="","",AVERAGE(E50:E249)) | AF249: =IF(F249="","",AVERAGE(F50:F249)) | AG249: =IF(G249="","",AVERAGE(G50:G249))
A250: =IF(B250<>"",ROW()-2,"") -> 248 | B250: 45042.453 | C250: 1 | O250: ⓝLuckyJ(+59.7)DIBS(+6.8)うまい棒Ｘ(-17.9)しろネコ(-48.6) | P250: no log | Q250: no log | S250: =IF(E250="","",AVERAGE(E241:E250)) | T250: =IF(F250="","",AVERAGE(F241:F250)) | U250: =IF(G250="","",AVERAGE(G241:G250)) | V250: =IF(E250="","",AVERAGE(E231:E250)) | W250: =IF(F250="","",AVERAGE(F231:F250)) | X250: =IF(G250="","",AVERAGE(G231:G250)) | Y250: =IF(E250="","",AVERAGE(E201:E250)) | Z250: =IF(F250="","",AVERAGE(F201:F250)) | AA250: =IF(G250="","",AVERAGE(G201:G250)) | AB250: =IF(E250="","",AVERAGE(E151:E250)) | AC250: =IF(F250="","",AVERAGE(F151:F250)) | AD250: =IF(G250="","",AVERAGE(G151:G250)) | AE250: =IF(E250="","",AVERAGE(E51:E250)) | AF250: =IF(F250="","",AVERAGE(F51:F250)) | AG250: =IF(G250="","",AVERAGE(G51:G250))
A251: =IF(B251<>"",ROW()-2,"") -> 249 | B251: 45042.478 | C251: 2 | O251: るーど(+59.7)ⓝLuckyJ(+22.3)REDSTAR(-31.9)雷電コナミ楽しみ(-50.1) | P251: no log | Q251: no log | S251: =IF(E251="","",AVERAGE(E242:E251)) | T251: =IF(F251="","",AVERAGE(F242:F251)) | U251: =IF(G251="","",AVERAGE(G242:G251)) | V251: =IF(E251="","",AVERAGE(E232:E251)) | W251: =IF(F251="","",AVERAGE(F232:F251)) | X251: =IF(G251="","",AVERAGE(G232:G251)) | Y251: =IF(E251="","",AVERAGE(E202:E251)) | Z251: =IF(F251="","",AVERAGE(F202:F251)) | AA251: =IF(G251="","",AVERAGE(G202:G251)) | AB251: =IF(E251="","",AVERAGE(E152:E251)) | AC251: =IF(F251="","",AVERAGE(F152:F251)) | AD251: =IF(G251="","",AVERAGE(G152:G251)) | AE251: =IF(E251="","",AVERAGE(E52:E251)) | AF251: =IF(F251="","",AVERAGE(F52:F251)) | AG251: =IF(G251="","",AVERAGE(G52:G251))
A252: =IF(B252<>"",ROW()-2,"") -> 250 | B252: 45042.5 | C252: 2 | O252: ５０２(+67.9)ⓝLuckyJ(+14.7)G-2(-35.3)純米酒(-47.3) | P252: no log | Q252: no log | S252: =IF(E252="","",AVERAGE(E243:E252)) | T252: =IF(F252="","",AVERAGE(F243:F252)) | U252: =IF(G252="","",AVERAGE(G243:G252)) | V252: =IF(E252="","",AVERAGE(E233:E252)) | W252: =IF(F252="","",AVERAGE(F233:F252)) | X252: =IF(G252="","",AVERAGE(G233:G252)) | Y252: =IF(E252="","",AVERAGE(E203:E252)) | Z252: =IF(F252="","",AVERAGE(F203:F252)) | AA252: =IF(G252="","",AVERAGE(G203:G252)) | AB252: =IF(E252="","",AVERAGE(E153:E252)) | AC252: =IF(F252="","",AVERAGE(F153:F252)) | AD252: =IF(G252="","",AVERAGE(G153:G252)) | AE252: =IF(E252="","",AVERAGE(E53:E252)) | AF252: =IF(F252="","",AVERAGE(F53:F252)) | AG252: =IF(G252="","",AVERAGE(G53:G252))
A253: =IF(B253<>"",ROW()-2,"") -> 251 | B253: 45042.857 | C253: 2 | O253: ほんもぁおかしい(+44.3)ⓝLuckyJ(+8.4)天和まだー？(-13.2)seeyouky(-39.5) | P253: no log | Q253: no log | S253: =IF(E253="","",AVERAGE(E244:E253)) | T253: =IF(F253="","",AVERAGE(F244:F253)) | U253: =IF(G253="","",AVERAGE(G244:G253)) | V253: =IF(E253="","",AVERAGE(E234:E253)) | W253: =IF(F253="","",AVERAGE(F234:F253)) | X253: =IF(G253="","",AVERAGE(G234:G253)) | Y253: =IF(E253="","",AVERAGE(E204:E253)) | Z253: =IF(F253="","",AVERAGE(F204:F253)) | AA253: =IF(G253="","",AVERAGE(G204:G253)) | AB253: =IF(E253="","",AVERAGE(E154:E253)) | AC253: =IF(F253="","",AVERAGE(F154:F253)) | AD253: =IF(G253="","",AVERAGE(G154:G253)) | AE253: =IF(E253="","",AVERAGE(E54:E253)) | AF253: =IF(F253="","",AVERAGE(F54:F253)) | AG253: =IF(G253="","",AVERAGE(G54:G253))
A254: =IF(B254<>"",ROW()-2,"") -> 252 | B254: 45042.878 | C254: 3 | D254: 0 | E254: 80 | F254: 82.669 | G254: 20 | H254: 70 | I254: 78.144 | J254: 20 | K254: 80 | L254: 85.043 | M254: 0 | N254: 10 | O254: ささり(+59.0)グスタフザッザ(+13.0)ⓝLuckyJ(-15.0)げーでる(-57.0) | P254: https://naga.dmv.nico/htmls/ebec181444afbb270bd9056b5e3f623a4982e902b4d49ea34fb600dd7f2af5fbv2_2.html?tw=0 | Q254: https://tenhou.net/4/?log=2023042710gm-0029-0000-21efad38&tw=0 | S254: =IF(E254="","",AVERAGE(E245:E254)) -> 80 | T254: =IF(F254="","",AVERAGE(F245:F254)) -> 82.669 | U254: =IF(G254="","",AVERAGE(G245:G254)) -> 20 | V254: =IF(E254="","",AVERAGE(E235:E254)) -> 74.268772 | W254: =IF(F254="","",AVERAGE(F235:F254)) -> 84.544209 | X254: =IF(G254="","",AVERAGE(G235:G254)) -> 10.096331 | Y254: =IF(E254="","",AVERAGE(E205:E254)) -> 73.528575 | Z254: =IF(F254="","",AVERAGE(F205:F254)) -> 85.100024 | AA254: =IF(G254="","",AVERAGE(G205:G254)) -> 8.3356091 | AB254: =IF(E254="","",AVERAGE(E155:E254)) -> 73.356656 | AC254: =IF(F254="","",AVERAGE(F155:F254)) -> 85.241571 | AD254: =IF(G254="","",AVERAGE(G155:G254)) -> 8.1845876 | AE254: =IF(E254="","",AVERAGE(E55:E254)) -> 73.446709 | AF254: =IF(F254="","",AVERAGE(F55:F254)) -> 85.268651 | AG254: =IF(G254="","",AVERAGE(G55:G254)) -> 8.3004778
A255: =IF(B255<>"",ROW()-2,"") -> 253 | B255: 45042.881 | C255: 3 | O255: 8B30(+40.1)グスタフザッザ(+5.7)ⓝLuckyJ(-17.7)shaingol(-28.1) | P255: no log | Q255: no log | S255: =IF(E255="","",AVERAGE(E246:E255)) | T255: =IF(F255="","",AVERAGE(F246:F255)) | U255: =IF(G255="","",AVERAGE(G246:G255)) | V255: =IF(E255="","",AVERAGE(E236:E255)) | W255: =IF(F255="","",AVERAGE(F236:F255)) | X255: =IF(G255="","",AVERAGE(G236:G255)) | Y255: =IF(E255="","",AVERAGE(E206:E255)) | Z255: =IF(F255="","",AVERAGE(F206:F255)) | AA255: =IF(G255="","",AVERAGE(G206:G255)) | AB255: =IF(E255="","",AVERAGE(E156:E255)) | AC255: =IF(F255="","",AVERAGE(F156:F255)) | AD255: =IF(G255="","",AVERAGE(G156:G255)) | AE255: =IF(E255="","",AVERAGE(E56:E255)) | AF255: =IF(F255="","",AVERAGE(F56:F255)) | AG255: =IF(G255="","",AVERAGE(G56:G255))
A256: =IF(B256<>"",ROW()-2,"") -> 254 | B256: 45042.906 | C256: 3 | O256: さんたろうです(+58.1)良平3859(+3.4)ⓝLuckyJ(-20.0)D×D(-41.5) | P256: no log | Q256: no log | S256: =IF(E256="","",AVERAGE(E247:E256)) | T256: =IF(F256="","",AVERAGE(F247:F256)) | U256: =IF(G256="","",AVERAGE(G247:G256)) | V256: =IF(E256="","",AVERAGE(E237:E256)) | W256: =IF(F256="","",AVERAGE(F237:F256)) | X256: =IF(G256="","",AVERAGE(G237:G256)) | Y256: =IF(E256="","",AVERAGE(E207:E256)) | Z256: =IF(F256="","",AVERAGE(F207:F256)) | AA256: =IF(G256="","",AVERAGE(G207:G256)) | AB256: =IF(E256="","",AVERAGE(E157:E256)) | AC256: =IF(F256="","",AVERAGE(F157:F256)) | AD256: =IF(G256="","",AVERAGE(G157:G256)) | AE256: =IF(E256="","",AVERAGE(E57:E256)) | AF256: =IF(F256="","",AVERAGE(F57:F256)) | AG256: =IF(G256="","",AVERAGE(G57:G256))
A257: =IF(B257<>"",ROW()-2,"") -> 255 | B257: 45042.928 | C257: 4 | O257: 随行(+41.4)sebukich(+11.1)さんたろうです(-19.7)ⓝLuckyJ(-32.8) | P257: no log | Q257: no log | S257: =IF(E257="","",AVERAGE(E248:E257)) | T257: =IF(F257="","",AVERAGE(F248:F257)) | U257: =IF(G257="","",AVERAGE(G248:G257)) | V257: =IF(E257="","",AVERAGE(E238:E257)) | W257: =IF(F257="","",AVERAGE(F238:F257)) | X257: =IF(G257="","",AVERAGE(G238:G257)) | Y257: =IF(E257="","",AVERAGE(E208:E257)) | Z257: =IF(F257="","",AVERAGE(F208:F257)) | AA257: =IF(G257="","",AVERAGE(G208:G257)) | AB257: =IF(E257="","",AVERAGE(E158:E257)) | AC257: =IF(F257="","",AVERAGE(F158:F257)) | AD257: =IF(G257="","",AVERAGE(G158:G257)) | AE257: =IF(E257="","",AVERAGE(E58:E257)) | AF257: =IF(F257="","",AVERAGE(F58:F257)) | AG257: =IF(G257="","",AVERAGE(G58:G257))
A258: =IF(B258<>"",ROW()-2,"") -> 256 | B258: 45042.947 | C258: 2 | O258: yuno(+45.7)ⓝLuckyJ(+6.3)ねこたまご(-19.0)キルバーミアン(-33.0) | P258: no log | Q258: no log | S258: =IF(E258="","",AVERAGE(E249:E258)) | T258: =IF(F258="","",AVERAGE(F249:F258)) | U258: =IF(G258="","",AVERAGE(G249:G258)) | V258: =IF(E258="","",AVERAGE(E239:E258)) | W258: =IF(F258="","",AVERAGE(F239:F258)) | X258: =IF(G258="","",AVERAGE(G239:G258)) | Y258: =IF(E258="","",AVERAGE(E209:E258)) | Z258: =IF(F258="","",AVERAGE(F209:F258)) | AA258: =IF(G258="","",AVERAGE(G209:G258)) | AB258: =IF(E258="","",AVERAGE(E159:E258)) | AC258: =IF(F258="","",AVERAGE(F159:F258)) | AD258: =IF(G258="","",AVERAGE(G159:G258)) | AE258: =IF(E258="","",AVERAGE(E59:E258)) | AF258: =IF(F258="","",AVERAGE(F59:F258)) | AG258: =IF(G258="","",AVERAGE(G59:G258))
A259: =IF(B259<>"",ROW()-2,"") -> 257 | B259: 45042.975 | C259: 2 | O259: こよこよ(+40.8)ⓝLuckyJ(+9.8)キルバーミアン(-15.8)st.1111(-34.8) | P259: no log | Q259: no log | S259: =IF(E259="","",AVERAGE(E250:E259)) | T259: =IF(F259="","",AVERAGE(F250:F259)) | U259: =IF(G259="","",AVERAGE(G250:G259)) | V259: =IF(E259="","",AVERAGE(E240:E259)) | W259: =IF(F259="","",AVERAGE(F240:F259)) | X259: =IF(G259="","",AVERAGE(G240:G259)) | Y259: =IF(E259="","",AVERAGE(E210:E259)) | Z259: =IF(F259="","",AVERAGE(F210:F259)) | AA259: =IF(G259="","",AVERAGE(G210:G259)) | AB259: =IF(E259="","",AVERAGE(E160:E259)) | AC259: =IF(F259="","",AVERAGE(F160:F259)) | AD259: =IF(G259="","",AVERAGE(G160:G259)) | AE259: =IF(E259="","",AVERAGE(E60:E259)) | AF259: =IF(F259="","",AVERAGE(F60:F259)) | AG259: =IF(G259="","",AVERAGE(G60:G259))
A260: =IF(B260<>"",ROW()-2,"") -> 258 | B260: 45042.992 | C260: 3 | O260: キルバーミアン(+44.7)月月柴(+8.4)ⓝLuckyJ(-16.4)旺仔000(-36.7) | P260: no log | Q260: no log | S260: =IF(E260="","",AVERAGE(E251:E260)) | T260: =IF(F260="","",AVERAGE(F251:F260)) | U260: =IF(G260="","",AVERAGE(G251:G260)) | V260: =IF(E260="","",AVERAGE(E241:E260)) | W260: =IF(F260="","",AVERAGE(F241:F260)) | X260: =IF(G260="","",AVERAGE(G241:G260)) | Y260: =IF(E260="","",AVERAGE(E211:E260)) | Z260: =IF(F260="","",AVERAGE(F211:F260)) | AA260: =IF(G260="","",AVERAGE(G211:G260)) | AB260: =IF(E260="","",AVERAGE(E161:E260)) | AC260: =IF(F260="","",AVERAGE(F161:F260)) | AD260: =IF(G260="","",AVERAGE(G161:G260)) | AE260: =IF(E260="","",AVERAGE(E61:E260)) | AF260: =IF(F260="","",AVERAGE(F61:F260)) | AG260: =IF(G260="","",AVERAGE(G61:G260))
A261: =IF(B261<>"",ROW()-2,"") -> 259 | B261: 45043.017 | C261: 3 | O261: 練(+55.6)阿瓦隆劍聖(+4.3)ⓝLuckyJ(-24.8)北海道雀キチ(-35.1) | P261: no log | Q261: no log | S261: =IF(E261="","",AVERAGE(E252:E261)) | T261: =IF(F261="","",AVERAGE(F252:F261)) | U261: =IF(G261="","",AVERAGE(G252:G261)) | V261: =IF(E261="","",AVERAGE(E242:E261)) | W261: =IF(F261="","",AVERAGE(F242:F261)) | X261: =IF(G261="","",AVERAGE(G242:G261)) | Y261: =IF(E261="","",AVERAGE(E212:E261)) | Z261: =IF(F261="","",AVERAGE(F212:F261)) | AA261: =IF(G261="","",AVERAGE(G212:G261)) | AB261: =IF(E261="","",AVERAGE(E162:E261)) | AC261: =IF(F261="","",AVERAGE(F162:F261)) | AD261: =IF(G261="","",AVERAGE(G162:G261)) | AE261: =IF(E261="","",AVERAGE(E62:E261)) | AF261: =IF(F261="","",AVERAGE(F62:F261)) | AG261: =IF(G261="","",AVERAGE(G62:G261))
A262: =IF(B262<>"",ROW()-2,"") -> 260 | B262: 45043.04 | C262: 2 | D262: 3 | E262: 80.45977 | F262: 89.054368 | G262: 4.5977011 | H262: 81.609195 | I262: 88.162069 | J262: 6.8965517 | K262: 80.45977 | L262: 90.808391 | M262: 5.7471264 | N262: 87 | O262: TACross(+47.0)ⓝLuckyJ(+10.3)ドビンエンブレム(-21.5)蛍烏賊(-35.8) | P262: https://naga.dmv.nico/htmls/9d0b518ce6aab015b1bafe9fac881b476a6caf72037776270af397b40eb24103v2_2.html?tw=3 | Q262: https://tenhou.net/4/?log=2023042713gm-0029-0000-f8395034&tw=3 | S262: =IF(E262="","",AVERAGE(E253:E262)) -> 80.229885 | T262: =IF(F262="","",AVERAGE(F253:F262)) -> 85.861684 | U262: =IF(G262="","",AVERAGE(G253:G262)) -> 12.298851 | V262: =IF(E262="","",AVERAGE(E243:E262)) -> 75.859717 | W262: =IF(F262="","",AVERAGE(F243:F262)) -> 84.422216 | X262: =IF(G262="","",AVERAGE(G243:G262)) -> 12.220959 | Y262: =IF(E262="","",AVERAGE(E213:E262)) -> 73.246324 | Z262: =IF(F262="","",AVERAGE(F213:F262)) -> 84.855931 | AA262: =IF(G262="","",AVERAGE(G213:G262)) -> 8.5176587 | AB262: =IF(E262="","",AVERAGE(E163:E262)) -> 73.543755 | AC262: =IF(F262="","",AVERAGE(F163:F262)) -> 85.364526 | AD262: =IF(G262="","",AVERAGE(G163:G262)) -> 8.0853414 | AE262: =IF(E262="","",AVERAGE(E63:E262)) -> 73.387978 | AF262: =IF(F262="","",AVERAGE(F63:F262)) -> 85.249109 | AG262: =IF(G262="","",AVERAGE(G63:G262)) -> 8.2419189
A263: =IF(B263<>"",ROW()-2,"") -> 261 | B263: 45043.056 | C263: 2 | D263: 1 | E263: 66.666667 | F263: 82.970833 | G263: 9.375 | H263: 64.583333 | I263: 84.088021 | J263: 8.3333333 | K263: 68.75 | L263: 84.248437 | M263: 10.416667 | N263: 96 | O263: ささやま(+51.2)ⓝLuckyJ(+11.5)職なし収入あり(-10.2)unused(-52.5) | P263: https://naga.dmv.nico/htmls/cf670d6ec0aa5213309b2dc4e15d2fde043cd5ff06008198f9b0bdd4266cf6dfv2_2.html?tw=1 | Q263: https://tenhou.net/4/?log=2023042714gm-0029-0000-13a49922&tw=1 | S263: =IF(E263="","",AVERAGE(E254:E263)) -> 75.708812 | T263: =IF(F263="","",AVERAGE(F254:F263)) -> 84.898067 | U263: =IF(G263="","",AVERAGE(G254:G263)) -> 11.324234 | V263: =IF(E263="","",AVERAGE(E244:E263)) -> 74.804865 | W263: =IF(F263="","",AVERAGE(F244:F263)) -> 84.629655 | X263: =IF(G263="","",AVERAGE(G244:G263)) -> 11.400152 | Y263: =IF(E263="","",AVERAGE(E214:E263)) -> 72.938201 | Z263: =IF(F263="","",AVERAGE(F214:F263)) -> 84.731074 | AA263: =IF(G263="","",AVERAGE(G214:G263)) -> 8.4992763 | AB263: =IF(E263="","",AVERAGE(E164:E263)) -> 73.526312 | AC263: =IF(F263="","",AVERAGE(F164:F263)) -> 85.358494 | AD263: =IF(G263="","",AVERAGE(G164:G263)) -> 8.0792091 | AE263: =IF(E263="","",AVERAGE(E64:E263)) -> 73.331042 | AF263: =IF(F263="","",AVERAGE(F64:F263)) -> 85.224706 | AG263: =IF(G263="","",AVERAGE(G64:G263)) -> 8.2540501
A264: =IF(B264<>"",ROW()-2,"") -> 262 | B264: 45043.072 | C264: 4 | D264: 2 | E264: 72.44898 | F264: 85.243469 | G264: 9.1836735 | H264: 72.44898 | I264: 83.649592 | J264: 7.1428571 | K264: 74.489796 | L264: 82.880816 | M264: 13.265306 | N264: 98 | O264: とそ(+41.4)巨人の星(+9.7)th_(-20.3)ⓝLuckyJ(-30.8) | P264: https://naga.dmv.nico/htmls/e5861857bf5ff3461493805832482b999afb087074b5427c1eca1332a965521av2_2.html?tw=2 | Q264: https://tenhou.net/4/?log=2023042714gm-0029-0000-721f6544&tw=2 | S264: =IF(E264="","",AVERAGE(E255:E264)) -> 73.191805 | T264: =IF(F264="","",AVERAGE(F255:F264)) -> 85.756224 | U264: =IF(G264="","",AVERAGE(G255:G264)) -> 7.7187915 | V264: =IF(E264="","",AVERAGE(E245:E264)) -> 74.893854 | W264: =IF(F264="","",AVERAGE(F245:F264)) -> 84.984418 | X264: =IF(G264="","",AVERAGE(G245:G264)) -> 10.789094 | Y264: =IF(E264="","",AVERAGE(E215:E264)) -> 72.710563 | Z264: =IF(F264="","",AVERAGE(F215:F264)) -> 84.596922 | AA264: =IF(G264="","",AVERAGE(G215:G264)) -> 8.6029027 | AB264: =IF(E264="","",AVERAGE(E165:E264)) -> 73.514544 | AC264: =IF(F264="","",AVERAGE(F165:F264)) -> 85.307658 | AD264: =IF(G264="","",AVERAGE(G165:G264)) -> 8.1420356 | AE264: =IF(E264="","",AVERAGE(E65:E264)) -> 73.310451 | AF264: =IF(F264="","",AVERAGE(F65:F264)) -> 85.226917 | AG264: =IF(G264="","",AVERAGE(G65:G264)) -> 8.2447707
A265: =IF(B265<>"",ROW()-2,"") -> 263 | B265: 45043.094 | C265: 3 | D265: 2 | E265: 66.666667 | F265: 81.258125 | G265: 8.3333333 | H265: 62.5 | I265: 78.607917 | J265: 9.375 | K265: 63.541667 | L265: 80.155417 | M265: 10.416667 | N265: 96 | O265: 3nssErdA(+43.5)ちゃーびん隊長(+12.1)ⓝLuckyJ(-11.5)13-26(-44.1) | P265: https://naga.dmv.nico/htmls/f3f9d2cd43b32dce70bdac195e3456f1a7ed98274763d36291520baa82c98d6av2_2.html?tw=2 | Q265: https://tenhou.net/4/?log=2023042715gm-0029-0000-d7b2b0d4&tw=2 | S265: =IF(E265="","",AVERAGE(E256:E265)) -> 71.560521 | T265: =IF(F265="","",AVERAGE(F256:F265)) -> 84.631699 | U265: =IF(G265="","",AVERAGE(G256:G265)) -> 7.872427 | V265: =IF(E265="","",AVERAGE(E246:E265)) -> 73.248417 | W265: =IF(F265="","",AVERAGE(F246:F265)) -> 84.239159 | X265: =IF(G265="","",AVERAGE(G246:G265)) -> 10.297942 | Y265: =IF(E265="","",AVERAGE(E216:E265)) -> 72.383765 | Z265: =IF(F265="","",AVERAGE(F216:F265)) -> 84.402464 | AA265: =IF(G265="","",AVERAGE(G216:G265)) -> 8.7312874 | AB265: =IF(E265="","",AVERAGE(E166:E265)) -> 73.431488 | AC265: =IF(F265="","",AVERAGE(F166:F265)) -> 85.231212 | AD265: =IF(G265="","",AVERAGE(G166:G265)) -> 8.167414 | AE265: =IF(E265="","",AVERAGE(E66:E265)) -> 73.306638 | AF265: =IF(F265="","",AVERAGE(F66:F265)) -> 85.228406 | AG265: =IF(G265="","",AVERAGE(G66:G265)) -> 8.2385731
A266: =IF(B266<>"",ROW()-2,"") -> 264 | B266: 45043.11 | C266: 1 | D266: 3 | E266: 74.324324 | F266: 85.493581 | G266: 8.7837838 | H266: 73.648649 | I266: 85.673041 | J266: 6.0810811 | K266: 68.243243 | L266: 82.341284 | M266: 10.135135 | N266: 148 | O266: ⓝLuckyJ(+62.0)おがあ(+6.1)homrun(-24.1)武者小路豚麻呂(-44.0) | P266: https://naga.dmv.nico/htmls/3899d19529db191edb5d02d56dec77c06e685be6f44f73dc782629700fb9ad5dv2_2.html?tw=3 | Q266: https://tenhou.net/4/?log=2023042715gm-0029-0000-d32544e4&tw=3 | S266: =IF(E266="","",AVERAGE(E257:E266)) -> 72.113281 | T266: =IF(F266="","",AVERAGE(F257:F266)) -> 84.804075 | U266: =IF(G266="","",AVERAGE(G257:G266)) -> 8.0546983 | V266: =IF(E266="","",AVERAGE(E247:E266)) -> 73.427735 | W266: =IF(F266="","",AVERAGE(F247:F266)) -> 84.448229 | X266: =IF(G266="","",AVERAGE(G247:G266)) -> 10.045582 | Y266: =IF(E266="","",AVERAGE(E217:E266)) -> 72.533576 | Z266: =IF(F266="","",AVERAGE(F217:F266)) -> 84.472712 | AA266: =IF(G266="","",AVERAGE(G217:G266)) -> 8.7149087 | AB266: =IF(E266="","",AVERAGE(E167:E266)) -> 73.405937 | AC266: =IF(F266="","",AVERAGE(F167:F266)) -> 85.207917 | AD266: =IF(G266="","",AVERAGE(G167:G266)) -> 8.2019548 | AE266: =IF(E266="","",AVERAGE(E67:E266)) -> 73.317268 | AF266: =IF(F266="","",AVERAGE(F67:F266)) -> 85.236443 | AG266: =IF(G266="","",AVERAGE(G67:G266)) -> 8.2505559
A267: =IF(B267<>"",ROW()-2,"") -> 265 | B267: 45043.136 | C267: 3 | D267: 2 | E267: 72.916667 | F267: 82.515625 | G267: 9.375 | H267: 69.791667 | I267: 84.084167 | J267: 9.375 | K267: 71.875 | L267: 81.766979 | M267: 12.5 | N267: 96 | O267: 凜P(+43.3)ハゲジロウ(+12.4)ⓝLuckyJ(-14.7)boooooom(-41.0) | P267: https://naga.dmv.nico/htmls/7cd6ae45989eac4a805dd146c652b94679b33255de2258970c8828239ba06ad2v2_2.html?tw=2 | Q267: https://tenhou.net/4/?log=2023042716gm-0029-0000-6529cd88&tw=2 | S267: =IF(E267="","",AVERAGE(E258:E267)) -> 72.247179 | T267: =IF(F267="","",AVERAGE(F258:F267)) -> 84.422667 | U267: =IF(G267="","",AVERAGE(G258:G267)) -> 8.2747486 | V267: =IF(E267="","",AVERAGE(E248:E267)) -> 73.354725 | W267: =IF(F267="","",AVERAGE(F248:F267)) -> 84.172143 | X267: =IF(G267="","",AVERAGE(G248:G267)) -> 9.9497845 | Y267: =IF(E267="","",AVERAGE(E218:E267)) -> 72.547331 | Z267: =IF(F267="","",AVERAGE(F218:F267)) -> 84.331191 | AA267: =IF(G267="","",AVERAGE(G218:G267)) -> 8.810572 | AB267: =IF(E267="","",AVERAGE(E168:E267)) -> 73.46867 | AC267: =IF(F267="","",AVERAGE(F168:F267)) -> 85.208734 | AD267: =IF(G267="","",AVERAGE(G168:G267)) -> 8.1910129 | AE267: =IF(E267="","",AVERAGE(E68:E267)) -> 73.321042 | AF267: =IF(F267="","",AVERAGE(F68:F267)) -> 85.214042 | AG267: =IF(G267="","",AVERAGE(G68:G267)) -> 8.2652751
...

Sheet Suphx Last 100
A1: # | B1: Date | C1: Rank | D1: Match | E1: Rating | F1: Bad | G1: Moves | H1: Report | I1: Paifu | J1: Last 10 | K1: Last 10 | L1: Last 10 | M1: Last 20 | N1: Last 20 | O1: Last 20 | P1: Last 50 | Q1: Last 50 | R1: Last 50 | S1: Last 100 | T1: Last 100 | U1: Last 100 | V1: Last 200 | W1: Last 200 | X1: Last 200
A2: =IF(B2<>"",ROW()-1,"") -> 1 | B2: 44438 | C2: 2 | D2: 70.833333 | E2: 84.618631 | F2: 8.3333333 | G2: 168 | H2: https://naga.dmv.nico/htmls/5280191080b7fb54dca9491ca550f5e0e4984fe06f3de385ca54665a6627ce8av2_2.html?tw=0 | I2: https://tenhou.net/4/?log=2021083013gm-0029-0000-c203d17c&tw=0 | Z2: Rank | AB2: # | AC2: Match % | AD2: Rating | AE2: Bad %
A3: =IF(B3<>"",ROW()-1,"") -> 2 | B3: 44438 | C3: 3 | D3: 77.52809 | E3: 87.876292 | F3: 5.6179775 | G3: 178 | H3: https://naga.dmv.nico/htmls/0371a7de1a09c82ca95cc76aa78732f776c166ce8dc12f2a99a7d59a4afc84fdv2_2.html?tw=3 | I3: https://tenhou.net/4/?log=2021083013gm-0029-0000-dfce9f60&tw=3 | Z3: 1 | AA3: =AB3/SUM(AB3:AB6) -> 0.24 | AB3: =COUNTIFS('Suphx Last 100'!C:C,1) -> 24 | AC3: =SUMIF('Suphx Last 100'!C:C,1,'Suphx Last 100'!D:D)/COUNTIFS('Suphx Last 100'!C:C,1,'Suphx Last 100'!D:D,"<>") -> 73.926395 | AD3: =SUMIF('Suphx Last 100'!C:C,1,'Suphx Last 100'!E:E)/COUNTIFS('Suphx Last 100'!C:C,1,'Suphx Last 100'!E:E,"<>") -> 85.81852 | AE3: =SUMIF('Suphx Last 100'!C:C,1,'Suphx Last 100'!F:F)/COUNTIFS('Suphx Last 100'!C:C,1,'Suphx Last 100'!F:F,"<>") -> 8.2813878
A4: =IF(B4<>"",ROW()-1,"") -> 3 | B4: 44438 | C4: 1 | D4: 77.358491 | E4: 87.937484 | F4: 6.2893082 | G4: 159 | H4: https://naga.dmv.nico/htmls/a8365ead44de160de115c415acd9d27b81a0d62d2d1c75470126da458c334b22v2_2.html?tw=3 | I4: https://tenhou.net/4/?log=2021083014gm-0029-0000-735bf600&tw=3 | Z4: 2 | AA4: =AB4/SUM(AB3:AB6) -> 0.34 | AB4: =COUNTIFS('Suphx Last 100'!C:C,2) -> 34 | AC4: =SUMIF('Suphx Last 100'!C:C,2,'Suphx Last 100'!D:D)/COUNTIFS('Suphx Last 100'!C:C,2,'Suphx Last 100'!D:D,"<>") -> 73.476569 | AD4: =SUMIF('Suphx Last 100'!C:C,2,'Suphx Last 100'!E:E)/COUNTIFS('Suphx Last 100'!C:C,2,'Suphx Last 100'!E:E,"<>") -> 85.901519 | AE4: =SUMIF('Suphx Last 100'!C:C,2,'Suphx Last 100'!F:F)/COUNTIFS('Suphx Last 100'!C:C,2,'Suphx Last 100'!F:F,"<>") -> 7.6382745
A5: =IF(B5<>"",ROW()-1,"") -> 4 | B5: 44438 | C5: 3 | D5: 79.166667 | E5: 90.410417 | F5: 8.3333333 | G5: 24 | H5: https://naga.dmv.nico/htmls/adbd55342e00b58080e1c3c72008609f8fe127399f18aeab882b101a04465ee5v2_2.html?tw=3 | I5: https://tenhou.net/4/?log=2021083015gm-0029-0000-2dfcbbc4&tw=3 | Z5: 3 | AA5: =AB5/SUM(AB3:AB6) -> 0.16 | AB5: =COUNTIFS('Suphx Last 100'!C:C,3) -> 16 | AC5: =SUMIF('Suphx Last 100'!C:C,3,'Suphx Last 100'!D:D)/COUNTIFS('Suphx Last 100'!C:C,3,'Suphx Last 100'!D:D,"<>") -> 73.793485 | AD5: =SUMIF('Suphx Last 100'!C:C,3,'Suphx Last 100'!E:E)/COUNTIFS('Suphx Last 100'!C:C,3,'Suphx Last 100'!E:E,"<>") -> 86.590357 | AE5: =SUMIF('Suphx Last 100'!C:C,3,'Suphx Last 100'!F:F)/COUNTIFS('Suphx Last 100'!C:C,3,'Suphx Last 100'!F:F,"<>") -> 6.9750194
A6: =IF(B6<>"",ROW()-1,"") -> 5 | B6: 44438 | C6: 2 | D6: 78.182 | E6: 88.083 | F6: 6.364 | G6: 110 | H6: https://naga.dmv.nico/htmls/3cb5ea080466e766a7a5f998cc0da8621479b20a16c10b52acbfc0a92234c11dv2_2.html?tw=0 | I6: https://tenhou.net/4/?log=2021083015gm-0029-0000-2b3c828e&tw=0 | Z6: 4 | AA6: =AB6/SUM(AB3:AB6) -> 0.26 | AB6: =COUNTIFS('Suphx Last 100'!C:C,4) -> 26 | AC6: =SUMIF('Suphx Last 100'!C:C,4,'Suphx Last 100'!D:D)/COUNTIFS('Suphx Last 100'!C:C,4,'Suphx Last 100'!D:D,"<>") -> 76.273411 | AD6: =SUMIF('Suphx Last 100'!C:C,4,'Suphx Last 100'!E:E)/COUNTIFS('Suphx Last 100'!C:C,4,'Suphx Last 100'!E:E,"<>") -> 87.07735 | AE6: =SUMIF('Suphx Last 100'!C:C,4,'Suphx Last 100'!F:F)/COUNTIFS('Suphx Last 100'!C:C,4,'Suphx Last 100'!F:F,"<>") -> 6.6246002
A7: =IF(B7<>"",ROW()-1,"") -> 6 | B7: 44438 | C7: 2 | D7: 70.588 | E7: 85.901 | F7: 8.824 | G7: 102 | H7: https://naga.dmv.nico/htmls/ae4bcb31725362c7ca3a0e6bb37d2039c6c7e990e40f48e25175a7b3dd093b37v2_2.html?tw=2 | I7: https://tenhou.net/4/?log=2021083015gm-0029-0000-50bfad7a&tw=2
A8: =IF(B8<>"",ROW()-1,"") -> 7 | B8: 44438 | C8: 1 | D8: 79.825 | E8: 90.017 | F8: 1.754 | G8: 114 | H8: https://naga.dmv.nico/htmls/40e69c543326a58400281f9db814308dcbcc717d9dc5521e8efd185d2dec7f01v2_2.html?tw=0 | I8: https://tenhou.net/4/?log=2021083016gm-0029-0000-1096b01a&tw=0 | Z8: Player | AA8: ⓝSuphx
A9: =IF(B9<>"",ROW()-1,"") -> 8 | B9: 44438 | C9: 2 | D9: 68.468 | E9: 81.953 | F9: 13.514 | G9: 111 | H9: https://naga.dmv.nico/htmls/c0241186a97f1371678c545c234d0db2158d4b89bf1786022530398db7070466v2_2.html?tw=1 | I9: https://tenhou.net/4/?log=2021083016gm-0029-0000-3f2588d5&tw=1 | Z9: Avg Rank | AA9: =(1*AB3+2*AB4+3*AB5+4*AB6)/SUM(AB3:AB6) -> 2.44
A10: =IF(B10<>"",ROW()-1,"") -> 9 | B10: 44438 | C10: 2 | D10: 68.293 | E10: 82.513 | F10: 9.756 | G10: 82 | H10: https://naga.dmv.nico/htmls/1fbcf40726e0294d103a769f9dd7f27cb1ba869f599922e05633d8b3125aac77v2_2.html?tw=2 | I10: https://tenhou.net/4/?log=2021083017gm-0029-0000-6213c21c&tw=2 | Z10: Games | AA10: =SUM(AB3:AB6) -> 100 | AC10: Lowest | AD10: Highest | AF10: Month | AG10: 44440 | AH10: 44409
A11: =IF(B11<>"",ROW()-1,"") -> 10 | B11: 44438 | C11: 3 | D11: 67.391 | E11: 83.121 | F11: 6.522 | G11: 138 | H11: https://naga.dmv.nico/htmls/94127c78bca314a7a3eb2c838807a4691d4cc7c282d635772f94baeb1f255b91v2_2.html?tw=0 | I11: https://tenhou.net/4/?log=2021083017gm-0029-0000-1fe59fcf&tw=0 | J11: =IF(D11="","",AVERAGE(D2:D11)) -> 73.763358 | K11: =IF(E11="","",AVERAGE(E2:E11)) -> 86.243082 | L11: =IF(F11="","",AVERAGE(F2:F11)) -> 7.5307952 | Z11: Avg Match % | AA11: =AVERAGE('Suphx Last 100'!D:D) -> 74.362413 | AC11: =min(D:D) -> 64.789 | AD11: =max(D:D) -> 83.537 | AF11: Rating | AG11: =AVERAGEIFS($E2:$E101,$B2:$B101,">="&AG10,$B2:$B101,"<="&EOMONTH(AG10,0)) -> 86.740502 | AH11: =AVERAGEIFS($E2:$E101,$B2:$B101,">="&AH10,$B2:$B101,"<="&EOMONTH(AH10,0)) -> 85.976756
A12: =IF(B12<>"",ROW()-1,"") -> 11 | B12: 44438 | C12: 2 | D12: 68.148 | E12: 85.53 | F12: 4.444 | G12: 135 | H12: https://naga.dmv.nico/htmls/b6e22e31562279f71b29bcbda564030405b04f3e2d3eeeff91da0863de6ef8a2v2_2.html?tw=1 | I12: https://tenhou.net/4/?log=2021083017gm-0029-0000-07d6d417&tw=1 | J12: =IF(D12="","",AVERAGE(D3:D12)) -> 73.494825 | K12: =IF(E12="","",AVERAGE(E3:E12)) -> 86.334219 | L12: =IF(F12="","",AVERAGE(F3:F12)) -> 7.1418619 | Z12: Avg Rating | AA12: =AVERAGE('Suphx Last 100'!E:E) -> 86.297529 | AC12: =min(E:E) -> 77.646 | AD12: =max(E:E) -> 91.33 | AF12: Bad % | AG12: =AVERAGEIFS($F2:$F101,$B2:$B101,">="&AG10,$B2:$B101,"<="&EOMONTH(AG10,0)) -> 7.1246573 | AH12: =AVERAGEIFS($F2:$F101,$B2:$B101,">="&AH10,$B2:$B101,"<="&EOMONTH(AH10,0)) -> 7.6389475
A13: =IF(B13<>"",ROW()-1,"") -> 12 | B13: 44438 | C13: 2 | D13: 82.036 | E13: 89.594 | F13: 7.186 | G13: 167 | H13: https://naga.dmv.nico/htmls/5d3037c1ba4a92ad959309ac740574c94ee45111cc67485e33619dec215980a2v2_2.html?tw=1 | I13: https://tenhou.net/4/?log=2021083018gm-0029-0000-01895429&tw=1 | J13: =IF(D13="","",AVERAGE(D4:D13)) -> 73.945616 | K13: =IF(E13="","",AVERAGE(E4:E13)) -> 86.50599 | L13: =IF(F13="","",AVERAGE(F4:F13)) -> 7.2986642 | Z13: Avg Bad % | AA13: =AVERAGE('Suphx Last 100'!F:F) -> 7.4229456 | AC13: =min(F:F) -> 1.754 | AD13: =max(F:F) -> 14.198 | AF13: Games | AG13: =COUNTIFS($B2:$B101,">="&AG10,$B2:$B101,"<="&EOMONTH(AG10,0)) -> 42 | AH13: =COUNTIFS($B2:$B101,">="&AH10,$B2:$B101,"<="&EOMONTH(AH10,0)) -> 58
A14: =IF(B14<>"",ROW()-1,"") -> 13 | B14: 44438 | C14: 2 | D14: 79.661 | E14: 88.985 | F14: 8.475 | G14: 59 | H14: https://naga.dmv.nico/htmls/1333e23c2d474328e8c06c4e1534c592459449588d36177ebc1a88114456466bv2_2.html?tw=3 | I14: https://tenhou.net/4/?log=2021083019gm-0029-0000-27d7aab8&tw=3 | J14: =IF(D14="","",AVERAGE(D14)) -> 79.661 | K14: =IF(E14="","",AVERAGE(E14)) -> 88.985 | L14: =IF(F14="","",AVERAGE(F14)) -> 8.475 | Z14: Avg Moves | AA14: =AVERAGE('Suphx Last 100'!G:G) -> 120.42 | AC14: =min(G:G) -> 22 | AD14: =max(G:G) -> 216
A15: =IF(B15<>"",ROW()-1,"") -> 14 | B15: 44438 | C15: 3 | D15: 79.646 | E15: 88.682 | F15: 6.195 | G15: 113 | H15: https://naga.dmv.nico/htmls/23c0b1185e39de20399d6f9e5687a36e69c80e2e04bc7182c4485876cb5962d3v2_2.html?tw=3 | I15: https://tenhou.net/4/?log=2021083019gm-0029-0000-c650e504&tw=3 | J15: =IF(D15="","",AVERAGE(D14:D15)) -> 79.6535 | K15: =IF(E15="","",AVERAGE(E14:E15)) -> 88.8335 | L15: =IF(F15="","",AVERAGE(F14:F15)) -> 7.335
A16: =IF(B16<>"",ROW()-1,"") -> 15 | B16: 44438 | C16: 2 | D16: 66.337 | E16: 81.597 | F16: 9.901 | G16: 101 | H16: https://naga.dmv.nico/htmls/10fce14e624ce9d80a56032af54ae700664202d546e39a85e28794924424bcb6v2_2.html?tw=0 | I16: https://tenhou.net/4/?log=2021083019gm-0029-0000-7daf4a10&tw=0 | J16: =IF(D16="","",AVERAGE(D14:D16)) -> 75.214667 | K16: =IF(E16="","",AVERAGE(E14:E16)) -> 86.421333 | L16: =IF(F16="","",AVERAGE(F14:F16)) -> 8.1903333
A17: =IF(B17<>"",ROW()-1,"") -> 16 | B17: 44438 | C17: 1 | D17: 74.453 | E17: 87.382 | F17: 8.029 | G17: 137 | H17: https://naga.dmv.nico/htmls/6c642a028ba870d33285eef7aeb2efae4c4e176f37917bc50184087851ed78b0v2_2.html?tw=1 | I17: https://tenhou.net/4/?log=2021083020gm-0029-0000-c80ed09f&tw=1 | J17: =IF(D17="","",AVERAGE(D14:D17)) -> 75.02425 | K17: =IF(E17="","",AVERAGE(E14:E17)) -> 86.6615 | L17: =IF(F17="","",AVERAGE(F14:F17)) -> 8.15
A18: =IF(B18<>"",ROW()-1,"") -> 17 | B18: 44438 | C18: 1 | D18: 80 | E18: 90.485 | F18: 2.857 | G18: 70 | H18: https://naga.dmv.nico/htmls/46a03ebce434b62f59efd96f10fac888f9c178ef41bbd84bd8ca32e7c60bae27v2_2.html?tw=3 | I18: https://tenhou.net/4/?log=2021083020gm-0029-0000-e1c1e40f&tw=3 | J18: =IF(D18="","",AVERAGE(D14:D18)) -> 76.0194 | K18: =IF(E18="","",AVERAGE(E14:E18)) -> 87.4262 | L18: =IF(F18="","",AVERAGE(F14:F18)) -> 7.0914
A19: =IF(B19<>"",ROW()-1,"") -> 18 | B19: 44438 | C19: 2 | D19: 77.869 | E19: 87.787 | F19: 5.738 | G19: 122 | H19: https://naga.dmv.nico/htmls/8c07b5090ca55c0a1ad51e785895415781021e3169bf93d6e31bae65dd3ac84dv2_2.html?tw=2 | I19: https://tenhou.net/4/?log=2021083021gm-0029-0000-09dec620&tw=2 | J19: =IF(D19="","",AVERAGE(D14:D19)) -> 76.327667 | K19: =IF(E19="","",AVERAGE(E14:E19)) -> 87.486333 | L19: =IF(F19="","",AVERAGE(F14:F19)) -> 6.8658333
A20: =IF(B20<>"",ROW()-1,"") -> 19 | B20: 44438 | C20: 3 | D20: 79.279 | E20: 89.76 | F20: 3.604 | G20: 111 | H20: https://naga.dmv.nico/htmls/4d5f80ccbab2fe7cc721928e751c8f8b7d66d1b1e1e0d843cecb36e204e4d921v2_2.html?tw=2 | I20: https://tenhou.net/4/?log=2021083021gm-0029-0000-785791dc&tw=2 | J20: =IF(D20="","",AVERAGE(D14:D20)) -> 76.749286 | K20: =IF(E20="","",AVERAGE(E14:E20)) -> 87.811143 | L20: =IF(F20="","",AVERAGE(F14:F20)) -> 6.3998571
A21: =IF(B21<>"",ROW()-1,"") -> 20 | B21: 44438 | C21: 1 | D21: 70.588 | E21: 82.086 | F21: 12.605 | G21: 119 | H21: https://naga.dmv.nico/htmls/8eeef225d1098c90695ce9dca1b1638a8d519ba72512b66f0f929f2acfc9cec7v2_2.html?tw=1 | I21: https://tenhou.net/4/?log=2021083022gm-0029-0000-f7f2f2fd&tw=1 | J21: =IF(D21="","",AVERAGE(D14:D21)) -> 75.979125 | K21: =IF(E21="","",AVERAGE(E14:E21)) -> 87.0955 | L21: =IF(F21="","",AVERAGE(F14:F21)) -> 7.1755
A22: =IF(B22<>"",ROW()-1,"") -> 21 | B22: 44438 | C22: 2 | D22: 76.543 | E22: 87.79 | F22: 7.407 | G22: 81 | H22: https://naga.dmv.nico/htmls/ffe5a1ff643c52e9f29d2d5fe457d585c0581ce3cfc739024b7aace9e7295547v2_2.html?tw=3 | I22: https://tenhou.net/4/?log=2021083022gm-0029-0000-cde067b2&tw=3 | J22: =IF(D22="","",AVERAGE(D14:D22)) -> 76.041778 | K22: =IF(E22="","",AVERAGE(E14:E22)) -> 87.172667 | L22: =IF(F22="","",AVERAGE(F14:F22)) -> 7.2012222 | M22: =IF(D21="","",AVERAGE(D2:D21)) -> 74.782529 | N22: =IF(E21="","",AVERAGE(E2:E21)) -> 86.715941 | O22: =IF(F21="","",AVERAGE(F2:F21)) -> 7.2170976
A23: =IF(B23<>"",ROW()-1,"") -> 22 | B23: 44438 | C23: 1 | D23: 75.155 | E23: 87.024 | F23: 4.348 | G23: 161 | H23: https://naga.dmv.nico/htmls/a3f7bd8a31799e229374769ada85c2fd08305c77c81945b4f33a1030f08997dav2_2.html?tw=0 | I23: https://tenhou.net/4/?log=2021083022gm-0029-0000-ea068aed&tw=0 | J23: =IF(D23="","",AVERAGE(D14:D23)) -> 75.9531 | K23: =IF(E23="","",AVERAGE(E14:E23)) -> 87.1578 | L23: =IF(F23="","",AVERAGE(F14:F23)) -> 6.9159 | M23: =IF(D22="","",AVERAGE(D3:D22)) -> 75.068012 | N23: =IF(E22="","",AVERAGE(E3:E22)) -> 86.87451 | O23: =IF(F22="","",AVERAGE(F3:F22)) -> 7.170781
A24: =IF(B24<>"",ROW()-1,"") -> 23 | B24: 44438 | C24: 1 | D24: 78 | E24: 85.682 | F24: 14 | G24: 100 | H24: https://naga.dmv.nico/htmls/a3fb993e0c0f84ee36660ef00b7ea337dcf427c64b46899ec36149c4870787eav2_2.html?tw=2 | I24: https://tenhou.net/4/?log=2021083023gm-0029-0000-535f4ebe&tw=2 | J24: =IF(D24="","",AVERAGE(D15:D24)) -> 75.787 | K24: =IF(E24="","",AVERAGE(E15:E24)) -> 86.8275 | L24: =IF(F24="","",AVERAGE(F15:F24)) -> 7.4684 | M24: =IF(D23="","",AVERAGE(D4:D23)) -> 74.949358 | N24: =IF(E23="","",AVERAGE(E4:E23)) -> 86.831895 | O24: =IF(F23="","",AVERAGE(F4:F23)) -> 7.1072821
A25: =IF(B25<>"",ROW()-1,"") -> 24 | B25: 44438 | C25: 4 | D25: 82.4 | E25: 91.18 | F25: 3.2 | G25: 125 | H25: https://naga.dmv.nico/htmls/ad00a939a2eb8e7ff3ccc3383d6d314e6947627de3d6fc1cee7357c60a240e61v2_2.html?tw=1 | I25: https://tenhou.net/4/?log=2021083023gm-0029-0000-0aa72d34&tw=1 | J25: =IF(D25="","",AVERAGE(D16:D25)) -> 76.0624 | K25: =IF(E25="","",AVERAGE(E16:E25)) -> 87.0773 | L25: =IF(F25="","",AVERAGE(F16:F25)) -> 7.1689 | M25: =IF(D24="","",AVERAGE(D5:D24)) -> 74.981433 | N25: =IF(E24="","",AVERAGE(E5:E24)) -> 86.719121 | O25: =IF(F24="","",AVERAGE(F5:F24)) -> 7.4928167
A26: =IF(B26<>"",ROW()-1,"") -> 25 | B26: 44439 | C26: 4 | D26: 77.941 | E26: 87.672 | F26: 4.412 | G26: 136 | H26: https://naga.dmv.nico/htmls/21bc661808db83d3337d9fa0d80b72f115f67c74b8c6caaa6d3e81057e4725dcv2_2.html?tw=3 | I26: https://tenhou.net/4/?log=2021083100gm-0029-0000-dd6f2c0f&tw=3 | J26: =IF(D26="","",AVERAGE(D17:D26)) -> 77.2228 | K26: =IF(E26="","",AVERAGE(E17:E26)) -> 87.6848 | L26: =IF(F26="","",AVERAGE(F17:F26)) -> 6.62 | M26: =IF(D25="","",AVERAGE(D6:D25)) -> 75.1431 | N26: =IF(E25="","",AVERAGE(E6:E25)) -> 86.7576 | O26: =IF(F25="","",AVERAGE(F6:F25)) -> 7.23615
A27: =IF(B27<>"",ROW()-1,"") -> 26 | B27: 44439 | C27: 4 | D27: 75.532 | E27: 85.693 | F27: 4.255 | G27: 94 | H27: https://naga.dmv.nico/htmls/eff4dcac20c4d300737120a4e5f2786a1e7e3ce7324e03a9b6dfe0ac02d2c06cv2_2.html?tw=2 | I27: https://tenhou.net/4/?log=2021083109gm-0029-0000-197a361c&tw=2 | J27: =IF(D27="","",AVERAGE(D18:D27)) -> 77.3307 | K27: =IF(E27="","",AVERAGE(E18:E27)) -> 87.5159 | L27: =IF(F27="","",AVERAGE(F18:F27)) -> 6.2426 | M27: =IF(D26="","",AVERAGE(D7:D26)) -> 75.13105 | N27: =IF(E26="","",AVERAGE(E7:E26)) -> 86.73705 | O27: =IF(F26="","",AVERAGE(F7:F26)) -> 7.13855
A28: =IF(B28<>"",ROW()-1,"") -> 27 | B28: 44439 | C28: 2 | D28: 64.865 | E28: 78.623 | F28: 6.757 | G28: 74 | H28: https://naga.dmv.nico/htmls/f4d67402460a4310bbf68eff390b4e6a6465f206abb91907eb15832573592ee1v2_2.html?tw=3 | I28: https://tenhou.net/4/?log=2021083109gm-0029-0000-97de75b0&tw=3 | J28: =IF(D28="","",AVERAGE(D19:D28)) -> 75.8172 | K28: =IF(E28="","",AVERAGE(E19:E28)) -> 86.3297 | L28: =IF(F28="","",AVERAGE(F19:F28)) -> 6.6326 | M28: =IF(D27="","",AVERAGE(D8:D27)) -> 75.37825 | N28: =IF(E27="","",AVERAGE(E8:E27)) -> 86.72665 | O28: =IF(F27="","",AVERAGE(F8:F27)) -> 6.9101
A29: =IF(B29<>"",ROW()-1,"") -> 28 | B29: 44439 | C29: 4 | D29: 72.941 | E29: 85.222 | F29: 10.588 | G29: 85 | H29: https://naga.dmv.nico/htmls/6e1f825919db8d25406442936cf11ba2a817729925366dac8c3f1a652d4bd560v2_2.html?tw=2 | I29: https://tenhou.net/4/?log=2021083109gm-0029-0000-c3a12ffa&tw=2 | J29: =IF(D29="","",AVERAGE(D20:D29)) -> 75.3244 | K29: =IF(E29="","",AVERAGE(E20:E29)) -> 86.0732 | L29: =IF(F29="","",AVERAGE(F20:F29)) -> 7.1176 | M29: =IF(D28="","",AVERAGE(D9:D28)) -> 74.63025 | N29: =IF(E28="","",AVERAGE(E9:E28)) -> 86.15695 | O29: =IF(F28="","",AVERAGE(F9:F28)) -> 7.16025
A30: =IF(B30<>"",ROW()-1,"") -> 29 | B30: 44439 | C30: 3 | D30: 71.233 | E30: 86.026 | F30: 6.164 | G30: 146 | H30: https://naga.dmv.nico/htmls/47216f6162aae49c6f30ad11b84b6e40f59d106cbf930b1851f0943954ae54f2v2_2.html?tw=3 | I30: https://tenhou.net/4/?log=2021083110gm-0029-0000-96ad310b&tw=3 | J30: =IF(D30="","",AVERAGE(D21:D30)) -> 74.5198 | K30: =IF(E30="","",AVERAGE(E21:E30)) -> 85.6998 | L30: =IF(F30="","",AVERAGE(F21:F30)) -> 7.3736 | M30: =IF(D29="","",AVERAGE(D10:D29)) -> 74.8539 | N30: =IF(E29="","",AVERAGE(E10:E29)) -> 86.3204 | O30: =IF(F29="","",AVERAGE(F10:F29)) -> 7.01395
A31: =IF(B31<>"",ROW()-1,"") -> 30 | B31: 44439 | C31: 4 | D31: 77.119 | E31: 87.467 | F31: 6.78 | G31: 118 | H31: https://naga.dmv.nico/htmls/ba974025752c141e0f9d14052fa01895cabc4fa09a1e037cee076aeb5abd9bbcv2_2.html?tw=2 | I31: https://tenhou.net/4/?log=2021083110gm-0029-0000-ebb47e9c&tw=2 | J31: =IF(D31="","",AVERAGE(D22:D31)) -> 75.1729 | K31: =IF(E31="","",AVERAGE(E22:E31)) -> 86.2379 | L31: =IF(F31="","",AVERAGE(F22:F31)) -> 6.7911 | M31: =IF(D30="","",AVERAGE(D11:D30)) -> 75.0009 | N31: =IF(E30="","",AVERAGE(E11:E30)) -> 86.49605 | O31: =IF(F30="","",AVERAGE(F11:F30)) -> 6.83435
A32: =IF(B32<>"",ROW()-1,"") -> 31 | B32: 44439 | C32: 1 | D32: 71.751 | E32: 84.555 | F32: 10.169 | G32: 177 | H32: https://naga.dmv.nico/htmls/2ac612685486832c684d9c5e402c91fbc55196d2b9c88dabe6329890a79f1598v2_2.html?tw=2 | I32: https://tenhou.net/4/?log=2021083111gm-0029-0000-4396d63c&tw=2 | J32: =IF(D32="","",AVERAGE(D23:D32)) -> 74.6937 | K32: =IF(E32="","",AVERAGE(E23:E32)) -> 85.9144 | L32: =IF(F32="","",AVERAGE(F23:F32)) -> 7.0673 | M32: =IF(D31="","",AVERAGE(D12:D31)) -> 75.4873 | N32: =IF(E31="","",AVERAGE(E12:E31)) -> 86.71335 | O32: =IF(F31="","",AVERAGE(F12:F31)) -> 6.84725
A33: =IF(B33<>"",ROW()-1,"") -> 32 | B33: 44439 | C33: 1 | D33: 64.789 | E33: 82.544 | F33: 9.155 | G33: 142 | H33: https://naga.dmv.nico/htmls/3616bea98af4f16b7dcbba891d1f074c5f26f0ea5389486d3d2c24d747f14e3cv2_2.html?tw=1 | I33: https://tenhou.net/4/?log=2021083112gm-0029-0000-3b2c7d16&tw=1 | J33: =IF(D33="","",AVERAGE(D24:D33)) -> 73.6571 | K33: =IF(E33="","",AVERAGE(E24:E33)) -> 85.4664 | L33: =IF(F33="","",AVERAGE(F24:F33)) -> 7.548 | M33: =IF(D32="","",AVERAGE(D13:D32)) -> 75.66745 | N33: =IF(E32="","",AVERAGE(E13:E32)) -> 86.6646 | O33: =IF(F32="","",AVERAGE(F13:F32)) -> 7.1335
A34: =IF(B34<>"",ROW()-1,"") -> 33 | B34: 44439 | C34: 1 | D34: 79.389 | E34: 87.544 | F34: 6.87 | G34: 131 | H34: https://naga.dmv.nico/htmls/95e9d07370d481ba225051cb01d3adec9c93eac0ab58218dbce8326e4794c594v2_2.html?tw=3 | I34: https://tenhou.net/4/?log=2021083112gm-0029-0000-5ab5abae&tw=3 | J34: =IF(D34="","",AVERAGE(D25:D34)) -> 73.796 | K34: =IF(E34="","",AVERAGE(E25:E34)) -> 85.6526 | L34: =IF(F34="","",AVERAGE(F25:F34)) -> 6.835 | M34: =IF(D33="","",AVERAGE(D14:D33)) -> 74.8051 | N34: =IF(E33="","",AVERAGE(E14:E33)) -> 86.3121 | O34: =IF(F33="","",AVERAGE(F14:F33)) -> 7.23195
... A50: =IF(B50<>"",ROW()-1,"") -> 49 | B50: 44439 | C50: 2 | D50: 68.421 | E50: 84.323 | F50: 8.421 | G50: 95 | H50: https://naga.dmv.nico/htmls/1bf3665002ac2de74f43b136ea4bb6d04c3ae4c408aa97fb66b64ac570b74bbdv2_2.html?tw=0 | I50: https://tenhou.net/4/?log=2021083120gm-0029-0000-a5619680&tw=0 | J50: =IF(D50="","",AVERAGE(D41:D50)) -> 73.3542 | K50: =IF(E50="","",AVERAGE(E41:E50)) -> 86.1044 | L50: =IF(F50="","",AVERAGE(F41:F50)) -> 8.4198 | M50: =IF(D49="","",AVERAGE(D30:D49)) -> 73.41775 | N50: =IF(E49="","",AVERAGE(E30:E49)) -> 85.8614 | O50: =IF(F49="","",AVERAGE(F30:F49)) -> 8.18415
A51: =IF(B51<>"",ROW()-1,"") -> 50 | B51: 44439 | C51: 2 | D51: 77.358 | E51: 87.223 | F51: 7.547 | G51: 106 | H51: https://naga.dmv.nico/htmls/d86d91acca37763a51dcf76cc42e860e576a5eec551b8aea17148073b8ad10d5v2_2.html?tw=1 | I51: https://tenhou.net/4/?log=2021083120gm-0029-0000-f21d93bd&tw=1 | J51: =IF(D51="","",AVERAGE(D42:D51)) -> 73.7672 | K51: =IF(E51="","",AVERAGE(E42:E51)) -> 86.0932 | L51: =IF(F51="","",AVERAGE(F42:F51)) -> 8.7021 | M51: =IF(D50="","",AVERAGE(D31:D50)) -> 73.27715 | N51: =IF(E50="","",AVERAGE(E31:E50)) -> 85.77625 | O51: =IF(F50="","",AVERAGE(F31:F50)) -> 8.297 | P51: =IF(D51="","",AVERAGE(D2:D51)) -> 74.263232 | Q51: =IF(E51="","",AVERAGE(E2:E51)) -> 86.239576 | R51: =IF(F51="","",AVERAGE(F2:F51)) -> 7.579199
A52: =IF(B52<>"",ROW()-1,"") -> 51 | B52: 44439 | C52: 3 | D52: 65.672 | E52: 77.646 | F52: 13.433 | G52: 67 | H52: https://naga.dmv.nico/htmls/cbe4549cec751a54ef3670749063764cf9664ca4b98fd1ce42f5bc2eed0cfc53v2_2.html?tw=0 | I52: https://tenhou.net/4/?log=2021083120gm-0029-0000-30b04ca1&tw=0 | J52: =IF(D52="","",AVERAGE(D43:D52)) -> 72.1166 | K52: =IF(E52="","",AVERAGE(E43:E52)) -> 84.8873 | L52: =IF(F52="","",AVERAGE(F43:F52)) -> 9.5504 | M52: =IF(D51="","",AVERAGE(D32:D51)) -> 73.2891 | N52: =IF(E51="","",AVERAGE(E32:E51)) -> 85.76405 | O52: =IF(F51="","",AVERAGE(F32:F51)) -> 8.33535 | P52: =IF(D52="","",AVERAGE(D3:D52)) -> 74.160005 | Q52: =IF(E52="","",AVERAGE(E3:E52)) -> 86.100124 | R52: =IF(F52="","",AVERAGE(F3:F52)) -> 7.6811924
A53: =IF(B53<>"",ROW()-1,"") -> 52 | B53: 44439 | C53: 2 | D53: 68.182 | E53: 83.14 | F53: 4.545 | G53: 22 | H53: https://naga.dmv.nico/htmls/04ba28aa8c7c192beba81d07ea65da883a55b26b69511745422f8a6620fb8fd2v2_2.html?tw=3 | I53: https://tenhou.net/4/?log=2021083121gm-0029-0000-e0de871a&tw=3 | J53: =IF(D53="","",AVERAGE(D44:D53)) -> 72.1906 | K53: =IF(E53="","",AVERAGE(E44:E53)) -> 85.0334 | L53: =IF(F53="","",AVERAGE(F44:F53)) -> 8.6096 | M53: =IF(D52="","",AVERAGE(D33:D52)) -> 72.98515 | N53: =IF(E52="","",AVERAGE(E33:E52)) -> 85.4186 | O53: =IF(F52="","",AVERAGE(F33:F52)) -> 8.49855 | P53: =IF(D53="","",AVERAGE(D4:D53)) -> 73.973083 | Q53: =IF(E53="","",AVERAGE(E4:E53)) -> 86.005398 | R53: =IF(F53="","",AVERAGE(F4:F53)) -> 7.6597328
A54: =IF(B54<>"",ROW()-1,"") -> 53 | B54: 44439 | C54: 1 | D54: 81.065 | E54: 88.335 | F54: 8.284 | G54: 169 | H54: https://naga.dmv.nico/htmls/1b4e01d620e1a9c7e2a8ca7acb01484ff02c1cb0e3f7229a65be556d020ec9d7v2_2.html?tw=2 | I54: https://tenhou.net/4/?log=2021083121gm-0029-0000-f03c1236&tw=2 | J54: =IF(D54="","",AVERAGE(D45:D54)) -> 72.9679 | K54: =IF(E54="","",AVERAGE(E45:E54)) -> 85.0836 | L54: =IF(F54="","",AVERAGE(F45:F54)) -> 8.8169 | M54: =IF(D53="","",AVERAGE(D34:D53)) -> 73.1548 | N54: =IF(E53="","",AVERAGE(E34:E53)) -> 85.4484 | O54: =IF(F53="","",AVERAGE(F34:F53)) -> 8.26805 | P54: =IF(D54="","",AVERAGE(D5:D54)) -> 74.047213 | Q54: =IF(E54="","",AVERAGE(E5:E54)) -> 86.013348 | R54: =IF(F54="","",AVERAGE(F5:F54)) -> 7.6996267
A55: =IF(B55<>"",ROW()-1,"") -> 54 | B55: 44439 | C55: 2 | D55: 69.136 | E55: 83.004 | F55: 8.642 | G55: 81 | H55: https://naga.dmv.nico/htmls/39b2581fb66f22311c8ce1d960b6fd4e73b9c259f6c3af212b9f5d91a77ac1e5v2_2.html?tw=1 | I55: https://tenhou.net/4/?log=2021083122gm-0029-0000-339855a8&tw=1 | J55: =IF(D55="","",AVERAGE(D46:D55)) -> 72.2656 | K55: =IF(E55="","",AVERAGE(E46:E55)) -> 84.527 | L55: =IF(F55="","",AVERAGE(F46:F55)) -> 9.0851 | M55: =IF(D54="","",AVERAGE(D35:D54)) -> 73.2386 | N55: =IF(E54="","",AVERAGE(E35:E54)) -> 85.48795 | O55: =IF(F54="","",AVERAGE(F35:F54)) -> 8.33875 | P55: =IF(D55="","",AVERAGE(D6:D55)) -> 73.8466 | Q55: =IF(E55="","",AVERAGE(E6:E55)) -> 85.86522 | R55: =IF(F55="","",AVERAGE(F6:F55)) -> 7.7058
A56: =IF(B56<>"",ROW()-1,"") -> 55 | B56: 44439 | C56: 3 | D56: 67.949 | E56: 83.389 | F56: 5.128 | G56: 78 | H56: https://naga.dmv.nico/htmls/9e4772f5c8c2902b059e314d00c22c27af615763378aa95a3a8933e1824e84a6v2_2.html?tw=2 | I56: https://tenhou.net/4/?log=2021083122gm-0029-0000-a89b103c&tw=2 | J56: =IF(D56="","",AVERAGE(D47:D56)) -> 72.3378 | K56: =IF(E56="","",AVERAGE(E47:E56)) -> 84.6294 | L56: =IF(F56="","",AVERAGE(F47:F56)) -> 8.4214 | M56: =IF(D55="","",AVERAGE(D36:D55)) -> 73.15765 | N56: =IF(E55="","",AVERAGE(E36:E55)) -> 85.40665 | O56: =IF(F55="","",AVERAGE(F36:F55)) -> 8.44065 | P56: =IF(D56="","",AVERAGE(D7:D56)) -> 73.64194 | Q56: =IF(E56="","",AVERAGE(E7:E56)) -> 85.77134 | R56: =IF(F56="","",AVERAGE(F7:F56)) -> 7.68108
A57: =IF(B57<>"",ROW()-1,"") -> 56 | B57: 44439 | C57: 1 | D57: 81.373 | E57: 91.295 | F57: 4.902 | G57: 102 | H57: https://naga.dmv.nico/htmls/17ff070f832d86232f6b3e8e5de12412739b363446c7c24bfe01e9b8874e76c6v2_2.html?tw=1 | I57: https://tenhou.net/4/?log=2021083122gm-0029-0000-ea9fccf6&tw=1 | J57: =IF(D57="","",AVERAGE(D48:D57)) -> 72.9389 | K57: =IF(E57="","",AVERAGE(E48:E57)) -> 85.1333 | L57: =IF(F57="","",AVERAGE(F48:F57)) -> 7.7522 | M57: =IF(D56="","",AVERAGE(D37:D56)) -> 72.9515 | N57: =IF(E56="","",AVERAGE(E37:E56)) -> 85.35255 | O57: =IF(F56="","",AVERAGE(F37:F56)) -> 8.1565 | P57: =IF(D57="","",AVERAGE(D8:D57)) -> 73.85764 | Q57: =IF(E57="","",AVERAGE(E8:E57)) -> 85.87922 | R57: =IF(F57="","",AVERAGE(F8:F57)) -> 7.60264
A58: =IF(B58<>"",ROW()-1,"") -> 57 | B58: 44439 | C58: 4 | D58: 75.887 | E58: 85.263 | F58: 7.801 | G58: 141 | H58: https://naga.dmv.nico/htmls/96184e46d991f5587dfdc8fea51c70dd90a63785ee8d364c2b5ddcb967341710v2_2.html?tw=0 | I58: https://tenhou.net/4/?log=2021083123gm-0029-0000-ea4bb8df&tw=0 | J58: =IF(D58="","",AVERAGE(D49:D58)) -> 72.4884 | K58: =IF(E58="","",AVERAGE(E49:E58)) -> 84.6997 | L58: =IF(F58="","",AVERAGE(F49:F58)) -> 8.1401 | M58: =IF(D57="","",AVERAGE(D38:D57)) -> 73.53055 | N58: =IF(E57="","",AVERAGE(E38:E57)) -> 85.81005 | O58: =IF(F57="","",AVERAGE(F38:F57)) -> 7.93285 | P58: =IF(D58="","",AVERAGE(D9:D58)) -> 73.77888 | Q58: =IF(E58="","",AVERAGE(E9:E58)) -> 85.78414 | R58: =IF(F58="","",AVERAGE(F9:F58)) -> 7.72358
A59: =IF(B59<>"",ROW()-1,"") -> 58 | B59: 44439 | C59: 1 | D59: 68.939 | E59: 82.601 | F59: 11.364 | G59: 132 | H59: https://naga.dmv.nico/htmls/3d2fc658d33831fb755a06b3fe4bf6e8b944907ad9cbf0d064f970f6a3ceb091v2_2.html?tw=3 | I59: https://tenhou.net/4/?log=2021083123gm-0029-0000-1e561fd3&tw=3 | J59: =IF(D59="","",AVERAGE(D50:D59)) -> 72.3982 | K59: =IF(E59="","",AVERAGE(E50:E59)) -> 84.6219 | L59: =IF(F59="","",AVERAGE(F50:F59)) -> 8.0067 | M59: =IF(D58="","",AVERAGE(D39:D58)) -> 73.6407 | N59: =IF(E58="","",AVERAGE(E39:E58)) -> 85.67705 | O59: =IF(F58="","",AVERAGE(F39:F58)) -> 8.0305 | P59: =IF(D59="","",AVERAGE(D10:D59)) -> 73.7883 | Q59: =IF(E59="","",AVERAGE(E10:E59)) -> 85.7971 | R59: =IF(F59="","",AVERAGE(F10:F59)) -> 7.68058
A60: =IF(B60<>"",ROW()-1,"") -> 59 | B60: 44440 | C60: 2 | D60: 76.852 | E60: 88.848 | F60: 5.556 | G60: 108 | H60: https://naga.dmv.nico/htmls/0b83fa48113b4926470fc11866ac61e3fe9bc6f283e21a54ab1482002941aa5dv2_2.html?tw=0 | I60: https://tenhou.net/4/?log=2021090100gm-0029-0000-30c5f1f6&tw=0 | J60: =IF(D60="","",AVERAGE(D51:D60)) -> 73.2413 | K60: =IF(E60="","",AVERAGE(E51:E60)) -> 85.0744 | L60: =IF(F60="","",AVERAGE(F51:F60)) -> 7.7202 | M60: =IF(D59="","",AVERAGE(D40:D59)) -> 73.38075 | N60: =IF(E59="","",AVERAGE(E40:E59)) -> 85.58195 | O60: =IF(F59="","",AVERAGE(F40:F59)) -> 8.08145 | P60: =IF(D60="","",AVERAGE(D11:D60)) -> 73.95948 | Q60: =IF(E60="","",AVERAGE(E11:E60)) -> 85.9238 | R60: =IF(F60="","",AVERAGE(F11:F60)) -> 7.59658
A61: =IF(B61<>"",ROW()-1,"") -> 60 | B61: 44440 | C61: 4 | D61: 80.153 | E61: 89.775 | F61: 3.817 | G61: 131 | H61: https://naga.dmv.nico/htmls/4b58a15d0b8667c6d3e5a0e930d337c2d1e6b0e38ac00c19bfa1c883ffdfa858v2_2.html?tw=2 | I61: https://tenhou.net/4/?log=2021090100gm-0029-0000-500c9884&tw=2 | J61: =IF(D61="","",AVERAGE(D52:D61)) -> 73.5208 | K61: =IF(E61="","",AVERAGE(E52:E61)) -> 85.3296 | L61: =IF(F61="","",AVERAGE(F52:F61)) -> 7.3472 | M61: =IF(D60="","",AVERAGE(D41:D60)) -> 73.29775 | N61: =IF(E60="","",AVERAGE(E41:E60)) -> 85.5894 | O61: =IF(F60="","",AVERAGE(F41:F60)) -> 8.07 | P61: =IF(D61="","",AVERAGE(D12:D61)) -> 74.21472 | Q61: =IF(E61="","",AVERAGE(E12:E61)) -> 86.05688 | R61: =IF(F61="","",AVERAGE(F12:F61)) -> 7.54248
A62: =IF(B62<>"",ROW()-1,"") -> 61 | B62: 44440 | C62: 4 | D62: 83.007 | E62: 89.931 | F62: 3.922 | G62: 153 | H62: https://naga.dmv.nico/htmls/8f082e4bfe26ce278984d50c77446c28415ad4393bc2e8eba0c0bc7969b8ba89v2_2.html?tw=3 | I62: https://tenhou.net/4/?log=2021090109gm-0029-0000-c5969a71&tw=3 | J62: =IF(D62="","",AVERAGE(D53:D62)) -> 75.2543 | K62: =IF(E62="","",AVERAGE(E53:E62)) -> 86.5581 | L62: =IF(F62="","",AVERAGE(F53:F62)) -> 6.3961 | M62: =IF(D61="","",AVERAGE(D42:D61)) -> 73.644 | N62: =IF(E61="","",AVERAGE(E42:E61)) -> 85.7114 | O62: =IF(F61="","",AVERAGE(F42:F61)) -> 8.02465 | P62: =IF(D62="","",AVERAGE(D13:D62)) -> 74.5119 | Q62: =IF(E62="","",AVERAGE(E13:E62)) -> 86.1449 | R62: =IF(F62="","",AVERAGE(F13:F62)) -> 7.53204
... A101: =IF(B101<>"",ROW()-1,"") -> 100 | B101: 44441 | C101: 4 | D101: 78.313 | E101: 86.84 | F101: 4.819 | G101: 83 | H101: https://naga.dmv.nico/htmls/8cbfca5cfdb926ffc56f48b6a53c50f0d5fc2f3432a8c2321f5e52d57d6504eav2_2.html?tw=1 | I101: https://tenhou.net/4/?log=2021090213gm-0029-0000-fb9c81cb&tw=1 | J101: =IF(D101="","",AVERAGE(D92:D101)) -> 74.281368 | K101: =IF(E101="","",AVERAGE(E92:E101)) -> 86.41181 | L101: =IF(F101="","",AVERAGE(F92:F101)) -> 7.4907606 | M101: =IF(D100="","",AVERAGE(D81:D100)) -> 73.762134 | N101: =IF(E100="","",AVERAGE(E81:E100)) -> 86.118605 | O101: =IF(F100="","",AVERAGE(F81:F100)) -> 7.5378803 | P101: =IF(D101="","",AVERAGE(D52:D101)) -> 74.461594 | Q101: =IF(E101="","",AVERAGE(E52:E101)) -> 86.355482 | R101: =IF(F101="","",AVERAGE(F52:F101)) -> 7.2666921
